-- ═══════════════════════════════════════════════════════════
-- KARAENGTA HRIS — Seed Data Modul Kosong
-- File: 11_seed_data_kritis.sql
--
-- Isi data untuk modul yang belum ada datanya:
--   - Saldo Cuti 2026 (84 karyawan aktif)
--   - Penilaian KPI Mar 2026 + Q1 2026
--   - Payroll Feb & Mar 2026
--   - Riwayat Mutasi / Promosi
--   - Pengajuan Cuti
--
-- Jalankan SETELAH:
--   10_tambah_field_kritis.sql ✓
--
-- AMAN dijalankan ulang (ON CONFLICT DO NOTHING)
-- ═══════════════════════════════════════════════════════════


-- ══════════════════════════════════════════════════════════
-- 1. SALDO CUTI 2026 (84 karyawan aktif)
-- ══════════════════════════════════════════════════════════
INSERT INTO cuti_saldo (employee_id, tahun, jatah, terpakai)
VALUES
  ('KUG001', 2026, 12, 0),
  ('KUG003', 2026, 12, 0),
  ('KUG004', 2026, 12, 2),
  ('KUG006', 2026, 12, 1),
  ('KUG008', 2026, 12, 1),
  ('KUG009', 2026, 12, 0),
  ('KUG010', 2026, 12, 0),
  ('KUG011', 2026, 12, 6),
  ('KUG015', 2026, 12, 0),
  ('KUG016', 2026, 12, 8),
  ('KUG018', 2026, 12, 4),
  ('KUG019', 2026, 12, 0),
  ('KUG021', 2026, 12, 0),
  ('KUG022', 2026, 12, 0),
  ('KUG023', 2026, 12, 1),
  ('KUG025', 2026, 12, 1),
  ('KUG026', 2026, 12, 6),
  ('KUG027', 2026, 12, 8),
  ('KUG028', 2026, 12, 0),
  ('KUG030', 2026, 12, 6),
  ('KUG031', 2026, 12, 1),
  ('KUG032', 2026, 12, 6),
  ('KUG033', 2026, 12, 4),
  ('KUG036', 2026, 12, 1),
  ('KUG038', 2026, 12, 5),
  ('KUG041', 2026, 12, 8),
  ('KUG042', 2026, 12, 2),
  ('KUG043', 2026, 12, 0),
  ('KUG044', 2026, 12, 0),
  ('KUG045', 2026, 12, 4),
  ('KUG046', 2026, 12, 3),
  ('KUG047', 2026, 12, 2),
  ('KUG048', 2026, 12, 0),
  ('KUG050', 2026, 12, 1),
  ('KUG051', 2026, 12, 3),
  ('KUG052', 2026, 12, 0),
  ('KUG053', 2026, 12, 0),
  ('KUG054', 2026, 12, 4),
  ('KUG055', 2026, 12, 0),
  ('KUG057', 2026, 12, 3),
  ('KUG059', 2026, 12, 3),
  ('KUG060', 2026, 12, 8),
  ('KUG061', 2026, 12, 2),
  ('KUG063', 2026, 12, 0),
  ('KUG065', 2026, 12, 5),
  ('KUG066', 2026, 12, 6),
  ('KUG067', 2026, 12, 0),
  ('KUG068', 2026, 12, 4),
  ('KUG070', 2026, 12, 0),
  ('KUG071', 2026, 12, 6),
  ('KUG072', 2026, 12, 2),
  ('KUG076', 2026, 12, 8),
  ('KUG077', 2026, 12, 3),
  ('KUG078', 2026, 12, 8),
  ('KUG079', 2026, 12, 1),
  ('KUG081', 2026, 12, 0),
  ('KUG083', 2026, 12, 0),
  ('KUG084', 2026, 12, 1),
  ('KUG085', 2026, 12, 2),
  ('KUG089', 2026, 12, 0),
  ('KUG090', 2026, 12, 1),
  ('KUG095', 2026, 12, 0),
  ('KUG098', 2026, 12, 4),
  ('KUG099', 2026, 12, 2),
  ('KUG101', 2026, 12, 5),
  ('KUG106', 2026, 12, 3),
  ('KUG107', 2026, 12, 0),
  ('KUG108', 2026, 12, 3),
  ('KUG109', 2026, 12, 3),
  ('KUG111', 2026, 12, 1),
  ('KUG112', 2026, 12, 2),
  ('KUG113', 2026, 12, 0),
  ('KUG114', 2026, 12, 8),
  ('KUG115', 2026, 12, 0),
  ('KUG116', 2026, 12, 6),
  ('KUG117', 2026, 12, 1),
  ('KUG118', 2026, 12, 0),
  ('KUG119', 2026, 12, 5),
  ('KUG120', 2026, 12, 4),
  ('KUG121', 2026, 12, 2),
  ('KUG122', 2026, 12, 6),
  ('KUG123', 2026, 12, 1),
  ('KUG124', 2026, 12, 3),
  ('KUG125', 2026, 12, 0)
ON CONFLICT (employee_id, tahun) DO UPDATE
  SET jatah    = EXCLUDED.jatah,
      terpakai = EXCLUDED.terpakai;


-- ══════════════════════════════════════════════════════════
-- 2. PENILAIAN KPI — Mar 2026 + Q1 2026
-- ══════════════════════════════════════════════════════════
-- Catatan: cuti_saldo punya kolom 'nama' untuk denormalize.
-- kpi_penilaian gunakan kolom sesuai schema 05_features_v3.sql
INSERT INTO kpi_penilaian
  (employee_id, nama, periode, tipe, skor_kualitas, skor_kuantitas,
   skor_kehadiran, skor_sikap, skor_inisiatif, predikat, catatan, penilai)
VALUES
  ('KUG001', 'Reski Amalia', 'Mar 2026', 'Bulanan', 90, 74, 84, 84, 80, 'B', 'Penilaian rutin bulanan Maret 2026', 'Reski Amalia'),
  ('KUG003', 'Nur Aisyah', 'Mar 2026', 'Bulanan', 75, 83, 79, 76, 82, 'B', 'Penilaian rutin bulanan Maret 2026', 'Nur Aisyah'),
  ('KUG004', 'Nur Jumiarti', 'Mar 2026', 'Bulanan', 92, 86, 86, 87, 81, 'A', 'Penilaian rutin bulanan Maret 2026', 'Nur Aisyah'),
  ('KUG006', 'Zainul Muttakin', 'Mar 2026', 'Bulanan', 88, 82, 87, 82, 85, 'B', 'Penilaian rutin bulanan Maret 2026', 'Nur Aisyah'),
  ('KUG008', 'Nike Ratnadilla', 'Mar 2026', 'Bulanan', 84, 80, 83, 81, 88, 'B', 'Penilaian rutin bulanan Maret 2026', 'Reski Amalia'),
  ('KUG009', 'Nadia Putri Meilani', 'Mar 2026', 'Bulanan', 74, 59, 65, 65, 62, 'C', 'Penilaian rutin bulanan Maret 2026', 'Reski Amalia'),
  ('KUG010', 'Adhel Abdiani', 'Mar 2026', 'Bulanan', 95, 88, 88, 92, 92, 'A', 'Penilaian rutin bulanan Maret 2026', 'Nur Aisyah'),
  ('KUG011', 'Rini Juliyanti Muhlis', 'Mar 2026', 'Bulanan', 86, 84, 85, 88, 74, 'B', 'Penilaian rutin bulanan Maret 2026', 'Reski Amalia'),
  ('KUG015', 'Asri', 'Mar 2026', 'Bulanan', 92, 79, 91, 86, 86, 'A', 'Penilaian rutin bulanan Maret 2026', 'Nur Aisyah'),
  ('KUG016', 'Amar Ma''ruf', 'Mar 2026', 'Bulanan', 67, 66, 67, 71, 58, 'C', 'Penilaian rutin bulanan Maret 2026', 'Nur Aisyah'),
  ('KUG018', 'Nuraisyah', 'Mar 2026', 'Bulanan', 94, 84, 93, 86, 81, 'A', 'Penilaian rutin bulanan Maret 2026', 'Nur Aisyah'),
  ('KUG019', 'Isnawati', 'Mar 2026', 'Bulanan', 94, 100, 100, 100, 91, 'A', 'Penilaian rutin bulanan Maret 2026', 'Nur Aisyah'),
  ('KUG021', 'Hasriyanti', 'Mar 2026', 'Bulanan', 69, 73, 68, 73, 59, 'C', 'Penilaian rutin bulanan Maret 2026', 'Nur Aisyah'),
  ('KUG022', 'M Dani', 'Mar 2026', 'Bulanan', 84, 83, 81, 81, 85, 'B', 'Penilaian rutin bulanan Maret 2026', 'Nur Aisyah'),
  ('KUG023', 'Besse Salwa Suci Mafaaza', 'Mar 2026', 'Bulanan', 89, 85, 87, 89, 82, 'A', 'Penilaian rutin bulanan Maret 2026', 'Nur Aisyah'),
  ('KUG025', 'Fitrika', 'Mar 2026', 'Bulanan', 73, 66, 65, 71, 61, 'C', 'Penilaian rutin bulanan Maret 2026', 'Nur Aisyah'),
  ('KUG026', 'Fahmi Adriansyah', 'Mar 2026', 'Bulanan', 74, 68, 74, 67, 67, 'B', 'Penilaian rutin bulanan Maret 2026', 'Nur Aisyah'),
  ('KUG027', 'Muh. Akbar', 'Mar 2026', 'Bulanan', 89, 82, 84, 80, 77, 'B', 'Penilaian rutin bulanan Maret 2026', 'Nur Aisyah'),
  ('KUG028', 'Rosamelia', 'Mar 2026', 'Bulanan', 86, 85, 89, 90, 91, 'A', 'Penilaian rutin bulanan Maret 2026', 'Nur Aisyah'),
  ('KUG030', 'Hatija', 'Mar 2026', 'Bulanan', 66, 63, 66, 69, 58, 'C', 'Penilaian rutin bulanan Maret 2026', 'Nur Aisyah'),
  ('KUG031', 'Ramlia Ramadhani', 'Mar 2026', 'Bulanan', 86, 78, 83, 79, 75, 'B', 'Penilaian rutin bulanan Maret 2026', 'Nur Aisyah'),
  ('KUG032', 'Nur Santi', 'Mar 2026', 'Bulanan', 92, 79, 87, 84, 78, 'B', 'Penilaian rutin bulanan Maret 2026', 'Nur Aisyah'),
  ('KUG033', 'Nurlina', 'Mar 2026', 'Bulanan', 71, 75, 75, 75, 80, 'B', 'Penilaian rutin bulanan Maret 2026', 'Nur Aisyah'),
  ('KUG036', 'Putri Dewi', 'Mar 2026', 'Bulanan', 74, 65, 75, 70, 76, 'B', 'Penilaian rutin bulanan Maret 2026', 'Nur Aisyah'),
  ('KUG038', 'Mutmainna', 'Mar 2026', 'Bulanan', 91, 85, 88, 87, 93, 'A', 'Penilaian rutin bulanan Maret 2026', 'Nur Aisyah'),
  ('KUG041', 'Rusdi', 'Mar 2026', 'Bulanan', 77, 74, 80, 83, 67, 'B', 'Penilaian rutin bulanan Maret 2026', 'Nur Aisyah'),
  ('KUG042', 'Nur Sinta', 'Mar 2026', 'Bulanan', 91, 88, 84, 82, 88, 'A', 'Penilaian rutin bulanan Maret 2026', 'Nur Aisyah'),
  ('KUG043', 'Rahman', 'Mar 2026', 'Bulanan', 88, 92, 86, 87, 84, 'A', 'Penilaian rutin bulanan Maret 2026', 'Nur Aisyah'),
  ('KUG044', 'Haerana', 'Mar 2026', 'Bulanan', 74, 70, 70, 73, 66, 'B', 'Penilaian rutin bulanan Maret 2026', 'Nur Aisyah'),
  ('KUG045', 'Hajratul Aswani', 'Mar 2026', 'Bulanan', 75, 68, 71, 76, 66, 'B', 'Penilaian rutin bulanan Maret 2026', 'Nur Aisyah'),
  ('KUG046', 'Alwihdatul Ummah', 'Mar 2026', 'Bulanan', 71, 66, 63, 63, 63, 'C', 'Penilaian rutin bulanan Maret 2026', 'Nur Aisyah'),
  ('KUG047', 'Serli Melinda', 'Mar 2026', 'Bulanan', 71, 69, 74, 69, 72, 'B', 'Penilaian rutin bulanan Maret 2026', 'Nur Aisyah'),
  ('KUG048', 'Andini', 'Mar 2026', 'Bulanan', 63, 64, 63, 68, 64, 'C', 'Penilaian rutin bulanan Maret 2026', 'Nur Aisyah'),
  ('KUG050', 'Aisyah', 'Mar 2026', 'Bulanan', 97, 89, 91, 92, 95, 'A', 'Penilaian rutin bulanan Maret 2026', 'Nur Aisyah'),
  ('KUG051', 'Nirwana', 'Mar 2026', 'Bulanan', 67, 65, 69, 65, 60, 'C', 'Penilaian rutin bulanan Maret 2026', 'Nur Aisyah'),
  ('KUG052', 'Ningsih fajarwati M', 'Mar 2026', 'Bulanan', 88, 80, 85, 93, 93, 'A', 'Penilaian rutin bulanan Maret 2026', 'Nur Aisyah'),
  ('KUG053', 'Rahmadani', 'Mar 2026', 'Bulanan', 89, 81, 80, 77, 73, 'B', 'Penilaian rutin bulanan Maret 2026', 'Nur Aisyah'),
  ('KUG054', 'Utia Hardiyawati', 'Mar 2026', 'Bulanan', 66, 71, 68, 76, 67, 'C', 'Penilaian rutin bulanan Maret 2026', 'Nur Aisyah'),
  ('KUG055', 'Salsa Septia Ramadani', 'Mar 2026', 'Bulanan', 73, 83, 77, 82, 68, 'B', 'Penilaian rutin bulanan Maret 2026', 'Nur Aisyah'),
  ('KUG057', 'Nurazisah. M', 'Mar 2026', 'Bulanan', 80, 82, 89, 85, 82, 'B', 'Penilaian rutin bulanan Maret 2026', 'Nur Aisyah'),
  ('KUG059', 'Al Mira Zulaika', 'Mar 2026', 'Bulanan', 76, 74, 73, 70, 69, 'B', 'Penilaian rutin bulanan Maret 2026', 'Nur Aisyah'),
  ('KUG060', 'Nurhalisah Arif', 'Mar 2026', 'Bulanan', 74, 79, 78, 80, 77, 'B', 'Penilaian rutin bulanan Maret 2026', 'Nur Aisyah'),
  ('KUG061', 'Fajar Wati', 'Mar 2026', 'Bulanan', 85, 81, 93, 94, 82, 'A', 'Penilaian rutin bulanan Maret 2026', 'Nur Aisyah'),
  ('KUG063', 'Muh. Fikran', 'Mar 2026', 'Bulanan', 70, 62, 72, 67, 61, 'C', 'Penilaian rutin bulanan Maret 2026', 'Nur Aisyah'),
  ('KUG065', 'Ikram', 'Mar 2026', 'Bulanan', 72, 82, 76, 77, 75, 'B', 'Penilaian rutin bulanan Maret 2026', 'Nur Aisyah'),
  ('KUG066', 'Sitti Rahmawati', 'Mar 2026', 'Bulanan', 72, 75, 75, 77, 69, 'B', 'Penilaian rutin bulanan Maret 2026', 'Nur Aisyah'),
  ('KUG067', 'Winda Sari', 'Mar 2026', 'Bulanan', 91, 86, 89, 80, 83, 'A', 'Penilaian rutin bulanan Maret 2026', 'Nur Aisyah'),
  ('KUG068', 'Syaripuddin', 'Mar 2026', 'Bulanan', 82, 92, 85, 86, 79, 'B', 'Penilaian rutin bulanan Maret 2026', 'Nur Aisyah'),
  ('KUG070', 'Siti Fatma', 'Mar 2026', 'Bulanan', 84, 78, 77, 78, 77, 'B', 'Penilaian rutin bulanan Maret 2026', 'Nur Aisyah'),
  ('KUG071', 'Marini', 'Mar 2026', 'Bulanan', 82, 87, 86, 83, 82, 'B', 'Penilaian rutin bulanan Maret 2026', 'Nur Aisyah'),
  ('KUG072', 'Sri sutiani', 'Mar 2026', 'Bulanan', 83, 77, 78, 78, 84, 'B', 'Penilaian rutin bulanan Maret 2026', 'Nur Aisyah'),
  ('KUG076', 'Andi Baso Mallarangeng', 'Mar 2026', 'Bulanan', 68, 65, 75, 71, 71, 'B', 'Penilaian rutin bulanan Maret 2026', 'Nur Aisyah'),
  ('KUG077', 'Apni Eka Putri Aryanti Rezky', 'Mar 2026', 'Bulanan', 76, 69, 75, 77, 73, 'B', 'Penilaian rutin bulanan Maret 2026', 'Nur Aisyah'),
  ('KUG078', 'Asmaul Husna', 'Mar 2026', 'Bulanan', 77, 75, 80, 89, 76, 'B', 'Penilaian rutin bulanan Maret 2026', 'Nur Aisyah'),
  ('KUG079', 'Annisa Hattab', 'Mar 2026', 'Bulanan', 87, 97, 94, 97, 86, 'A', 'Penilaian rutin bulanan Maret 2026', 'Nur Aisyah'),
  ('KUG081', 'Risna', 'Mar 2026', 'Bulanan', 75, 70, 79, 79, 69, 'B', 'Penilaian rutin bulanan Maret 2026', 'Nur Aisyah'),
  ('KUG083', 'Rafli Aimansyah', 'Mar 2026', 'Bulanan', 74, 78, 76, 82, 69, 'B', 'Penilaian rutin bulanan Maret 2026', 'Nur Aisyah'),
  ('KUG084', 'Muliana', 'Mar 2026', 'Bulanan', 83, 76, 79, 81, 70, 'B', 'Penilaian rutin bulanan Maret 2026', 'Reski Amalia'),
  ('KUG085', 'Rasmawati', 'Mar 2026', 'Bulanan', 80, 66, 71, 74, 62, 'B', 'Penilaian rutin bulanan Maret 2026', 'Nur Aisyah'),
  ('KUG089', 'Hariana Syarifuddin', 'Mar 2026', 'Bulanan', 76, 76, 72, 72, 67, 'B', 'Penilaian rutin bulanan Maret 2026', 'Nur Aisyah'),
  ('KUG090', 'Nur Husna', 'Mar 2026', 'Bulanan', 70, 77, 71, 75, 64, 'B', 'Penilaian rutin bulanan Maret 2026', 'Nur Aisyah'),
  ('KUG095', 'Nur Atika Devi Putri', 'Mar 2026', 'Bulanan', 78, 75, 84, 81, 79, 'B', 'Penilaian rutin bulanan Maret 2026', 'Nur Aisyah'),
  ('KUG098', 'Saiful Syam', 'Mar 2026', 'Bulanan', 98, 85, 90, 86, 86, 'A', 'Penilaian rutin bulanan Maret 2026', 'Nur Aisyah'),
  ('KUG099', 'Wahidin', 'Mar 2026', 'Bulanan', 77, 73, 75, 77, 78, 'B', 'Penilaian rutin bulanan Maret 2026', 'Nur Aisyah'),
  ('KUG101', 'Yulianti Abram', 'Mar 2026', 'Bulanan', 88, 83, 90, 86, 75, 'B', 'Penilaian rutin bulanan Maret 2026', 'Nur Aisyah'),
  ('KUG106', 'Amelia', 'Mar 2026', 'Bulanan', 67, 62, 69, 64, 61, 'C', 'Penilaian rutin bulanan Maret 2026', 'Nur Aisyah'),
  ('KUG107', 'Nadira', 'Mar 2026', 'Bulanan', 85, 81, 86, 86, 77, 'B', 'Penilaian rutin bulanan Maret 2026', 'Nur Aisyah'),
  ('KUG108', 'Muhammad Arfan Ariff', 'Mar 2026', 'Bulanan', 91, 82, 88, 83, 90, 'A', 'Penilaian rutin bulanan Maret 2026', 'Reski Amalia'),
  ('KUG109', 'Muhammad Fauzi Ramadhan', 'Mar 2026', 'Bulanan', 78, 81, 80, 81, 71, 'B', 'Penilaian rutin bulanan Maret 2026', 'Nur Aisyah'),
  ('KUG111', 'Jihan Alfia', 'Mar 2026', 'Bulanan', 77, 69, 78, 81, 76, 'B', 'Penilaian rutin bulanan Maret 2026', 'Nur Aisyah'),
  ('KUG112', 'Muh. Hidayat Alparesi', 'Mar 2026', 'Bulanan', 94, 79, 87, 90, 85, 'A', 'Penilaian rutin bulanan Maret 2026', 'Nur Aisyah'),
  ('KUG113', 'Muh. Tahir', 'Mar 2026', 'Bulanan', 87, 83, 89, 93, 85, 'A', 'Penilaian rutin bulanan Maret 2026', 'Nur Aisyah'),
  ('KUG114', 'Sulthan said', 'Mar 2026', 'Bulanan', 89, 87, 95, 98, 94, 'A', 'Penilaian rutin bulanan Maret 2026', 'Nur Aisyah'),
  ('KUG115', 'Futri Auliya', 'Mar 2026', 'Bulanan', 92, 92, 85, 91, 85, 'A', 'Penilaian rutin bulanan Maret 2026', 'Nur Aisyah'),
  ('KUG116', 'Alma Pradilla', 'Mar 2026', 'Bulanan', 80, 82, 74, 77, 76, 'B', 'Penilaian rutin bulanan Maret 2026', 'Reski Amalia'),
  ('KUG117', 'Nur Haerani', 'Mar 2026', 'Bulanan', 72, 75, 73, 74, 75, 'B', 'Penilaian rutin bulanan Maret 2026', 'Nur Aisyah'),
  ('KUG118', 'Darmayanti Nasir', 'Mar 2026', 'Bulanan', 84, 74, 84, 82, 74, 'B', 'Penilaian rutin bulanan Maret 2026', 'Nur Aisyah'),
  ('KUG119', 'Firman', 'Mar 2026', 'Bulanan', 82, 82, 91, 92, 86, 'A', 'Penilaian rutin bulanan Maret 2026', 'Nur Aisyah'),
  ('KUG120', 'Amirullah', 'Mar 2026', 'Bulanan', 85, 81, 77, 83, 76, 'B', 'Penilaian rutin bulanan Maret 2026', 'Nur Aisyah'),
  ('KUG121', 'Raoda', 'Mar 2026', 'Bulanan', 79, 67, 71, 68, 63, 'C', 'Penilaian rutin bulanan Maret 2026', 'Nur Aisyah'),
  ('KUG122', 'Aulia Ananda', 'Mar 2026', 'Bulanan', 74, 73, 70, 75, 75, 'B', 'Penilaian rutin bulanan Maret 2026', 'Nur Aisyah'),
  ('KUG123', 'Rahmawati', 'Mar 2026', 'Bulanan', 89, 80, 88, 88, 87, 'A', 'Penilaian rutin bulanan Maret 2026', 'Nur Aisyah'),
  ('KUG124', 'Nurul Hikmah', 'Mar 2026', 'Bulanan', 69, 74, 69, 69, 75, 'B', 'Penilaian rutin bulanan Maret 2026', 'Nur Aisyah'),
  ('KUG125', 'Andrian Alif Nugraha', 'Mar 2026', 'Bulanan', 69, 76, 77, 75, 63, 'B', 'Penilaian rutin bulanan Maret 2026', 'Nur Aisyah'),
  ('KUG001', 'Reski Amalia', 'Q1 2026', 'Kuartalan', 94, 90, 96, 94, 99, 'A', 'Evaluasi kinerja Q1 2026', 'Reski Amalia'),
  ('KUG003', 'Nur Aisyah', 'Q1 2026', 'Kuartalan', 98, 94, 94, 98, 89, 'A', 'Evaluasi kinerja Q1 2026', 'Reski Amalia'),
  ('KUG004', 'Nur Jumiarti', 'Q1 2026', 'Kuartalan', 97, 94, 93, 97, 91, 'A', 'Evaluasi kinerja Q1 2026', 'Reski Amalia'),
  ('KUG006', 'Zainul Muttakin', 'Q1 2026', 'Kuartalan', 86, 84, 83, 83, 85, 'B', 'Evaluasi kinerja Q1 2026', 'Reski Amalia'),
  ('KUG019', 'Isnawati', 'Q1 2026', 'Kuartalan', 90, 87, 89, 86, 82, 'A', 'Evaluasi kinerja Q1 2026', 'Reski Amalia'),
  ('KUG070', 'Siti Fatma', 'Q1 2026', 'Kuartalan', 89, 90, 91, 93, 89, 'A', 'Evaluasi kinerja Q1 2026', 'Reski Amalia'),
  ('KUG079', 'Annisa Hattab', 'Q1 2026', 'Kuartalan', 92, 83, 87, 87, 83, 'A', 'Evaluasi kinerja Q1 2026', 'Reski Amalia'),
  ('KUG108', 'Muhammad Arfan Ariff', 'Q1 2026', 'Kuartalan', 88, 87, 88, 93, 88, 'A', 'Evaluasi kinerja Q1 2026', 'Reski Amalia'),
  ('KUG109', 'Muhammad Fauzi Ramadhan', 'Q1 2026', 'Kuartalan', 92, 89, 89, 85, 83, 'A', 'Evaluasi kinerja Q1 2026', 'Reski Amalia'),
  ('KUG114', 'Sulthan said', 'Q1 2026', 'Kuartalan', 93, 94, 94, 88, 95, 'A', 'Evaluasi kinerja Q1 2026', 'Reski Amalia'),
  ('KUG120', 'Amirullah', 'Q1 2026', 'Kuartalan', 98, 97, 94, 98, 92, 'A', 'Evaluasi kinerja Q1 2026', 'Reski Amalia')
ON CONFLICT (employee_id, periode, tipe) DO NOTHING;


-- ══════════════════════════════════════════════════════════
-- 3. PAYROLL — Februari & Maret 2026
-- ══════════════════════════════════════════════════════════
INSERT INTO payroll
  (employee_id, full_name, bulan, gaji_pokok, tunjangan_makan,
   tunjangan_transport, tunjangan_lain,
   potongan_bpjs_kes, potongan_bpjs_tk, potongan_alpha, potongan_telat,
   potongan_lain, status, catatan)
VALUES
  ('KUG001', 'Reski Amalia', 'Mar (2026)', 6700000, 300000, 300000, 0, 67000, 134000, 0, 50000, 0, 'final', 'Payroll Maret 2026'),
  ('KUG003', 'Nur Aisyah', 'Mar (2026)', 4200000, 300000, 150000, 0, 42000, 84000, 0, 0, 0, 'final', 'Payroll Maret 2026'),
  ('KUG004', 'Nur Jumiarti', 'Mar (2026)', 4300000, 300000, 150000, 0, 43000, 86000, 0, 25000, 0, 'final', 'Payroll Maret 2026'),
  ('KUG006', 'Zainul Muttakin', 'Mar (2026)', 3500000, 300000, 150000, 0, 35000, 70000, 0, 0, 0, 'final', 'Payroll Maret 2026'),
  ('KUG008', 'Nike Ratnadilla', 'Mar (2026)', 4000000, 200000, 150000, 0, 40000, 80000, 100000, 25000, 0, 'final', 'Payroll Maret 2026'),
  ('KUG009', 'Nadia Putri Meilani', 'Mar (2026)', 3200000, 200000, 150000, 0, 32000, 64000, 0, 0, 0, 'final', 'Payroll Maret 2026'),
  ('KUG010', 'Adhel Abdiani', 'Mar (2026)', 2800000, 200000, 150000, 0, 28000, 56000, 0, 50000, 0, 'final', 'Payroll Maret 2026'),
  ('KUG011', 'Rini Juliyanti Muhlis', 'Mar (2026)', 3900000, 200000, 150000, 0, 39000, 78000, 100000, 0, 0, 'final', 'Payroll Maret 2026'),
  ('KUG015', 'Asri', 'Mar (2026)', 2600000, 200000, 150000, 0, 26000, 52000, 100000, 25000, 0, 'final', 'Payroll Maret 2026'),
  ('KUG016', 'Amar Ma''ruf', 'Mar (2026)', 2700000, 200000, 150000, 0, 27000, 54000, 0, 0, 0, 'final', 'Payroll Maret 2026'),
  ('KUG018', 'Nuraisyah', 'Mar (2026)', 2800000, 200000, 150000, 0, 28000, 56000, 0, 25000, 0, 'final', 'Payroll Maret 2026'),
  ('KUG019', 'Isnawati', 'Mar (2026)', 3500000, 200000, 150000, 0, 35000, 70000, 0, 25000, 0, 'final', 'Payroll Maret 2026'),
  ('KUG021', 'Hasriyanti', 'Mar (2026)', 3000000, 200000, 150000, 0, 30000, 60000, 0, 25000, 0, 'final', 'Payroll Maret 2026'),
  ('KUG022', 'M Dani', 'Mar (2026)', 2900000, 200000, 150000, 0, 29000, 58000, 0, 0, 0, 'final', 'Payroll Maret 2026'),
  ('KUG023', 'Besse Salwa Suci Mafaaza', 'Mar (2026)', 2600000, 200000, 150000, 0, 26000, 52000, 0, 0, 0, 'final', 'Payroll Maret 2026'),
  ('KUG025', 'Fitrika', 'Mar (2026)', 2500000, 200000, 150000, 0, 25000, 50000, 0, 0, 0, 'final', 'Payroll Maret 2026'),
  ('KUG026', 'Fahmi Adriansyah', 'Mar (2026)', 2600000, 200000, 150000, 0, 26000, 52000, 100000, 0, 0, 'final', 'Payroll Maret 2026'),
  ('KUG027', 'Muh. Akbar', 'Mar (2026)', 2500000, 200000, 150000, 0, 25000, 50000, 0, 0, 0, 'final', 'Payroll Maret 2026'),
  ('KUG028', 'Rosamelia', 'Mar (2026)', 2500000, 200000, 150000, 0, 25000, 50000, 50000, 0, 0, 'final', 'Payroll Maret 2026'),
  ('KUG030', 'Hatija', 'Mar (2026)', 2800000, 200000, 150000, 0, 28000, 56000, 0, 25000, 0, 'final', 'Payroll Maret 2026'),
  ('KUG031', 'Ramlia Ramadhani', 'Mar (2026)', 2600000, 200000, 150000, 0, 26000, 52000, 50000, 0, 0, 'final', 'Payroll Maret 2026'),
  ('KUG032', 'Nur Santi', 'Mar (2026)', 3200000, 200000, 150000, 0, 32000, 64000, 100000, 0, 0, 'final', 'Payroll Maret 2026'),
  ('KUG033', 'Nurlina', 'Mar (2026)', 3000000, 200000, 150000, 0, 30000, 60000, 0, 50000, 0, 'final', 'Payroll Maret 2026'),
  ('KUG036', 'Putri Dewi', 'Mar (2026)', 2600000, 200000, 150000, 0, 26000, 52000, 0, 0, 0, 'final', 'Payroll Maret 2026'),
  ('KUG038', 'Mutmainna', 'Mar (2026)', 2600000, 200000, 150000, 0, 26000, 52000, 50000, 0, 0, 'final', 'Payroll Maret 2026'),
  ('KUG041', 'Rusdi', 'Mar (2026)', 2900000, 200000, 150000, 0, 29000, 58000, 50000, 25000, 0, 'final', 'Payroll Maret 2026'),
  ('KUG042', 'Nur Sinta', 'Mar (2026)', 3100000, 200000, 150000, 0, 31000, 62000, 100000, 0, 0, 'final', 'Payroll Maret 2026'),
  ('KUG043', 'Rahman', 'Mar (2026)', 2600000, 200000, 150000, 0, 26000, 52000, 50000, 0, 0, 'final', 'Payroll Maret 2026'),
  ('KUG044', 'Haerana', 'Mar (2026)', 2600000, 200000, 150000, 0, 26000, 52000, 100000, 0, 0, 'final', 'Payroll Maret 2026'),
  ('KUG045', 'Hajratul Aswani', 'Mar (2026)', 2600000, 200000, 150000, 0, 26000, 52000, 50000, 0, 0, 'final', 'Payroll Maret 2026'),
  ('KUG046', 'Alwihdatul Ummah', 'Mar (2026)', 3000000, 200000, 150000, 0, 30000, 60000, 50000, 25000, 0, 'final', 'Payroll Maret 2026'),
  ('KUG047', 'Serli Melinda', 'Mar (2026)', 3000000, 200000, 150000, 0, 30000, 60000, 0, 50000, 0, 'final', 'Payroll Maret 2026'),
  ('KUG048', 'Andini', 'Mar (2026)', 2700000, 200000, 150000, 0, 27000, 54000, 0, 0, 0, 'final', 'Payroll Maret 2026'),
  ('KUG050', 'Aisyah', 'Mar (2026)', 2800000, 200000, 150000, 0, 28000, 56000, 0, 25000, 0, 'final', 'Payroll Maret 2026'),
  ('KUG051', 'Nirwana', 'Mar (2026)', 2200000, 200000, 150000, 0, 22000, 44000, 0, 0, 0, 'final', 'Payroll Maret 2026'),
  ('KUG052', 'Ningsih fajarwati M', 'Mar (2026)', 2700000, 200000, 150000, 0, 27000, 54000, 0, 0, 0, 'final', 'Payroll Maret 2026'),
  ('KUG053', 'Rahmadani', 'Mar (2026)', 2500000, 200000, 150000, 0, 25000, 50000, 0, 50000, 0, 'final', 'Payroll Maret 2026'),
  ('KUG054', 'Utia Hardiyawati', 'Mar (2026)', 2700000, 200000, 150000, 0, 27000, 54000, 0, 50000, 0, 'final', 'Payroll Maret 2026'),
  ('KUG055', 'Salsa Septia Ramadani', 'Mar (2026)', 2800000, 200000, 150000, 0, 28000, 56000, 50000, 25000, 0, 'final', 'Payroll Maret 2026'),
  ('KUG057', 'Nurazisah. M', 'Mar (2026)', 2500000, 200000, 150000, 0, 25000, 50000, 0, 50000, 0, 'final', 'Payroll Maret 2026'),
  ('KUG059', 'Al Mira Zulaika', 'Mar (2026)', 2400000, 200000, 150000, 0, 24000, 48000, 0, 0, 0, 'final', 'Payroll Maret 2026'),
  ('KUG060', 'Nurhalisah Arif', 'Mar (2026)', 2800000, 200000, 150000, 0, 28000, 56000, 0, 0, 0, 'final', 'Payroll Maret 2026'),
  ('KUG061', 'Fajar Wati', 'Mar (2026)', 2500000, 200000, 150000, 0, 25000, 50000, 0, 25000, 0, 'final', 'Payroll Maret 2026'),
  ('KUG063', 'Muh. Fikran', 'Mar (2026)', 3100000, 200000, 150000, 0, 31000, 62000, 0, 0, 0, 'final', 'Payroll Maret 2026'),
  ('KUG065', 'Ikram', 'Mar (2026)', 3200000, 200000, 150000, 0, 32000, 64000, 0, 0, 0, 'final', 'Payroll Maret 2026'),
  ('KUG066', 'Sitti Rahmawati', 'Mar (2026)', 3200000, 200000, 150000, 0, 32000, 64000, 0, 0, 0, 'final', 'Payroll Maret 2026'),
  ('KUG067', 'Winda Sari', 'Mar (2026)', 2900000, 200000, 150000, 0, 29000, 58000, 0, 0, 0, 'final', 'Payroll Maret 2026'),
  ('KUG068', 'Syaripuddin', 'Mar (2026)', 2900000, 200000, 150000, 0, 29000, 58000, 50000, 0, 0, 'final', 'Payroll Maret 2026'),
  ('KUG070', 'Siti Fatma', 'Mar (2026)', 3800000, 200000, 150000, 0, 38000, 76000, 0, 0, 0, 'final', 'Payroll Maret 2026'),
  ('KUG071', 'Marini', 'Mar (2026)', 2300000, 200000, 150000, 0, 23000, 46000, 100000, 25000, 0, 'final', 'Payroll Maret 2026'),
  ('KUG072', 'Sri sutiani', 'Mar (2026)', 2500000, 200000, 150000, 0, 25000, 50000, 50000, 0, 0, 'final', 'Payroll Maret 2026'),
  ('KUG076', 'Andi Baso Mallarangeng', 'Mar (2026)', 2700000, 200000, 150000, 0, 27000, 54000, 0, 25000, 0, 'final', 'Payroll Maret 2026'),
  ('KUG077', 'Apni Eka Putri Aryanti Rezky', 'Mar (2026)', 2500000, 200000, 150000, 0, 25000, 50000, 0, 0, 0, 'final', 'Payroll Maret 2026'),
  ('KUG078', 'Asmaul Husna', 'Mar (2026)', 2400000, 200000, 150000, 0, 24000, 48000, 0, 25000, 0, 'final', 'Payroll Maret 2026'),
  ('KUG079', 'Annisa Hattab', 'Mar (2026)', 3300000, 200000, 150000, 0, 33000, 66000, 0, 50000, 0, 'final', 'Payroll Maret 2026'),
  ('KUG081', 'Risna', 'Mar (2026)', 3000000, 200000, 150000, 0, 30000, 60000, 0, 50000, 0, 'final', 'Payroll Maret 2026'),
  ('KUG083', 'Rafli Aimansyah', 'Mar (2026)', 3000000, 200000, 150000, 0, 30000, 60000, 0, 50000, 0, 'final', 'Payroll Maret 2026'),
  ('KUG084', 'Muliana', 'Mar (2026)', 2700000, 200000, 150000, 0, 27000, 54000, 0, 25000, 0, 'final', 'Payroll Maret 2026'),
  ('KUG085', 'Rasmawati', 'Mar (2026)', 2400000, 200000, 150000, 0, 24000, 48000, 0, 0, 0, 'final', 'Payroll Maret 2026'),
  ('KUG089', 'Hariana Syarifuddin', 'Mar (2026)', 2300000, 200000, 150000, 0, 23000, 46000, 0, 0, 0, 'final', 'Payroll Maret 2026'),
  ('KUG090', 'Nur Husna', 'Mar (2026)', 2400000, 200000, 150000, 0, 24000, 48000, 0, 50000, 0, 'final', 'Payroll Maret 2026'),
  ('KUG095', 'Nur Atika Devi Putri', 'Mar (2026)', 2800000, 200000, 150000, 0, 28000, 56000, 100000, 0, 0, 'final', 'Payroll Maret 2026'),
  ('KUG098', 'Saiful Syam', 'Mar (2026)', 2800000, 200000, 150000, 0, 28000, 56000, 0, 25000, 0, 'final', 'Payroll Maret 2026'),
  ('KUG099', 'Wahidin', 'Mar (2026)', 2700000, 200000, 150000, 0, 27000, 54000, 100000, 50000, 0, 'final', 'Payroll Maret 2026'),
  ('KUG101', 'Yulianti Abram', 'Mar (2026)', 3200000, 200000, 150000, 0, 32000, 64000, 0, 0, 0, 'final', 'Payroll Maret 2026'),
  ('KUG106', 'Amelia', 'Mar (2026)', 2400000, 200000, 150000, 0, 24000, 48000, 0, 0, 0, 'final', 'Payroll Maret 2026'),
  ('KUG107', 'Nadira', 'Mar (2026)', 2300000, 200000, 150000, 0, 23000, 46000, 0, 0, 0, 'final', 'Payroll Maret 2026'),
  ('KUG108', 'Muhammad Arfan Ariff', 'Mar (2026)', 7200000, 300000, 300000, 0, 72000, 144000, 0, 0, 0, 'final', 'Payroll Maret 2026'),
  ('KUG109', 'Muhammad Fauzi Ramadhan', 'Mar (2026)', 5600000, 300000, 300000, 0, 56000, 112000, 0, 50000, 0, 'final', 'Payroll Maret 2026'),
  ('KUG111', 'Jihan Alfia', 'Mar (2026)', 2400000, 200000, 150000, 0, 24000, 48000, 100000, 0, 0, 'final', 'Payroll Maret 2026'),
  ('KUG112', 'Muh. Hidayat Alparesi', 'Mar (2026)', 3200000, 200000, 150000, 0, 32000, 64000, 0, 0, 0, 'final', 'Payroll Maret 2026'),
  ('KUG113', 'Muh. Tahir', 'Mar (2026)', 2900000, 200000, 150000, 0, 29000, 58000, 0, 25000, 0, 'final', 'Payroll Maret 2026'),
  ('KUG114', 'Sulthan said', 'Mar (2026)', 6900000, 300000, 300000, 0, 69000, 138000, 0, 0, 0, 'final', 'Payroll Maret 2026'),
  ('KUG115', 'Futri Auliya', 'Mar (2026)', 2200000, 200000, 150000, 0, 22000, 44000, 0, 25000, 0, 'final', 'Payroll Maret 2026'),
  ('KUG116', 'Alma Pradilla', 'Mar (2026)', 3100000, 200000, 150000, 0, 31000, 62000, 0, 25000, 0, 'final', 'Payroll Maret 2026'),
  ('KUG117', 'Nur Haerani', 'Mar (2026)', 2500000, 200000, 150000, 0, 25000, 50000, 0, 50000, 0, 'final', 'Payroll Maret 2026'),
  ('KUG118', 'Darmayanti Nasir', 'Mar (2026)', 2700000, 200000, 150000, 0, 27000, 54000, 100000, 0, 0, 'final', 'Payroll Maret 2026'),
  ('KUG119', 'Firman', 'Mar (2026)', 2300000, 200000, 150000, 0, 23000, 46000, 0, 50000, 0, 'final', 'Payroll Maret 2026'),
  ('KUG120', 'Amirullah', 'Mar (2026)', 4400000, 300000, 150000, 0, 44000, 88000, 0, 0, 0, 'final', 'Payroll Maret 2026'),
  ('KUG121', 'Raoda', 'Mar (2026)', 2600000, 200000, 150000, 0, 26000, 52000, 50000, 25000, 0, 'final', 'Payroll Maret 2026'),
  ('KUG122', 'Aulia Ananda', 'Mar (2026)', 2600000, 200000, 150000, 0, 26000, 52000, 50000, 50000, 0, 'final', 'Payroll Maret 2026'),
  ('KUG123', 'Rahmawati', 'Mar (2026)', 2800000, 200000, 150000, 0, 28000, 56000, 50000, 25000, 0, 'final', 'Payroll Maret 2026'),
  ('KUG124', 'Nurul Hikmah', 'Mar (2026)', 3200000, 200000, 150000, 0, 32000, 64000, 0, 0, 0, 'final', 'Payroll Maret 2026'),
  ('KUG125', 'Andrian Alif Nugraha', 'Mar (2026)', 2900000, 200000, 150000, 0, 29000, 58000, 0, 0, 0, 'final', 'Payroll Maret 2026'),
  ('KUG001', 'Reski Amalia', 'Feb (2026)', 7300000, 300000, 300000, 0, 73000, 146000, 50000, 0, 0, 'final', 'Payroll Februari 2026'),
  ('KUG003', 'Nur Aisyah', 'Feb (2026)', 3800000, 300000, 150000, 0, 38000, 76000, 0, 0, 0, 'final', 'Payroll Februari 2026'),
  ('KUG004', 'Nur Jumiarti', 'Feb (2026)', 4300000, 300000, 150000, 0, 43000, 86000, 100000, 0, 0, 'final', 'Payroll Februari 2026'),
  ('KUG006', 'Zainul Muttakin', 'Feb (2026)', 4000000, 300000, 150000, 0, 40000, 80000, 0, 0, 0, 'final', 'Payroll Februari 2026'),
  ('KUG008', 'Nike Ratnadilla', 'Feb (2026)', 3800000, 200000, 150000, 0, 38000, 76000, 0, 0, 0, 'final', 'Payroll Februari 2026'),
  ('KUG009', 'Nadia Putri Meilani', 'Feb (2026)', 3000000, 200000, 150000, 0, 30000, 60000, 0, 25000, 0, 'final', 'Payroll Februari 2026'),
  ('KUG010', 'Adhel Abdiani', 'Feb (2026)', 3500000, 200000, 150000, 0, 35000, 70000, 0, 0, 0, 'final', 'Payroll Februari 2026'),
  ('KUG011', 'Rini Juliyanti Muhlis', 'Feb (2026)', 3300000, 200000, 150000, 0, 33000, 66000, 0, 0, 0, 'final', 'Payroll Februari 2026'),
  ('KUG015', 'Asri', 'Feb (2026)', 3200000, 200000, 150000, 0, 32000, 64000, 0, 0, 0, 'final', 'Payroll Februari 2026'),
  ('KUG016', 'Amar Ma''ruf', 'Feb (2026)', 2900000, 200000, 150000, 0, 29000, 58000, 100000, 0, 0, 'final', 'Payroll Februari 2026'),
  ('KUG018', 'Nuraisyah', 'Feb (2026)', 3400000, 200000, 150000, 0, 34000, 68000, 0, 0, 0, 'final', 'Payroll Februari 2026'),
  ('KUG019', 'Isnawati', 'Feb (2026)', 4000000, 200000, 150000, 0, 40000, 80000, 0, 0, 0, 'final', 'Payroll Februari 2026'),
  ('KUG021', 'Hasriyanti', 'Feb (2026)', 2700000, 200000, 150000, 0, 27000, 54000, 0, 0, 0, 'final', 'Payroll Februari 2026'),
  ('KUG022', 'M Dani', 'Feb (2026)', 2700000, 200000, 150000, 0, 27000, 54000, 0, 0, 0, 'final', 'Payroll Februari 2026'),
  ('KUG023', 'Besse Salwa Suci Mafaaza', 'Feb (2026)', 3200000, 200000, 150000, 0, 32000, 64000, 0, 25000, 0, 'final', 'Payroll Februari 2026'),
  ('KUG025', 'Fitrika', 'Feb (2026)', 2900000, 200000, 150000, 0, 29000, 58000, 100000, 25000, 0, 'final', 'Payroll Februari 2026'),
  ('KUG026', 'Fahmi Adriansyah', 'Feb (2026)', 2900000, 200000, 150000, 0, 29000, 58000, 50000, 25000, 0, 'final', 'Payroll Februari 2026'),
  ('KUG027', 'Muh. Akbar', 'Feb (2026)', 3200000, 200000, 150000, 0, 32000, 64000, 0, 0, 0, 'final', 'Payroll Februari 2026'),
  ('KUG028', 'Rosamelia', 'Feb (2026)', 3100000, 200000, 150000, 0, 31000, 62000, 100000, 0, 0, 'final', 'Payroll Februari 2026'),
  ('KUG030', 'Hatija', 'Feb (2026)', 2900000, 200000, 150000, 0, 29000, 58000, 0, 0, 0, 'final', 'Payroll Februari 2026'),
  ('KUG031', 'Ramlia Ramadhani', 'Feb (2026)', 2800000, 200000, 150000, 0, 28000, 56000, 100000, 0, 0, 'final', 'Payroll Februari 2026'),
  ('KUG032', 'Nur Santi', 'Feb (2026)', 2900000, 200000, 150000, 0, 29000, 58000, 50000, 0, 0, 'final', 'Payroll Februari 2026'),
  ('KUG033', 'Nurlina', 'Feb (2026)', 2700000, 200000, 150000, 0, 27000, 54000, 0, 25000, 0, 'final', 'Payroll Februari 2026'),
  ('KUG036', 'Putri Dewi', 'Feb (2026)', 2900000, 200000, 150000, 0, 29000, 58000, 0, 25000, 0, 'final', 'Payroll Februari 2026'),
  ('KUG038', 'Mutmainna', 'Feb (2026)', 3200000, 200000, 150000, 0, 32000, 64000, 0, 25000, 0, 'final', 'Payroll Februari 2026'),
  ('KUG041', 'Rusdi', 'Feb (2026)', 3000000, 200000, 150000, 0, 30000, 60000, 0, 0, 0, 'final', 'Payroll Februari 2026'),
  ('KUG042', 'Nur Sinta', 'Feb (2026)', 3000000, 200000, 150000, 0, 30000, 60000, 100000, 0, 0, 'final', 'Payroll Februari 2026'),
  ('KUG043', 'Rahman', 'Feb (2026)', 2700000, 200000, 150000, 0, 27000, 54000, 0, 25000, 0, 'final', 'Payroll Februari 2026'),
  ('KUG044', 'Haerana', 'Feb (2026)', 3200000, 200000, 150000, 0, 32000, 64000, 0, 25000, 0, 'final', 'Payroll Februari 2026'),
  ('KUG045', 'Hajratul Aswani', 'Feb (2026)', 2500000, 200000, 150000, 0, 25000, 50000, 0, 0, 0, 'final', 'Payroll Februari 2026'),
  ('KUG046', 'Alwihdatul Ummah', 'Feb (2026)', 3000000, 200000, 150000, 0, 30000, 60000, 0, 0, 0, 'final', 'Payroll Februari 2026'),
  ('KUG047', 'Serli Melinda', 'Feb (2026)', 2600000, 200000, 150000, 0, 26000, 52000, 0, 0, 0, 'final', 'Payroll Februari 2026'),
  ('KUG048', 'Andini', 'Feb (2026)', 2700000, 200000, 150000, 0, 27000, 54000, 50000, 25000, 0, 'final', 'Payroll Februari 2026'),
  ('KUG050', 'Aisyah', 'Feb (2026)', 2500000, 200000, 150000, 0, 25000, 50000, 0, 0, 0, 'final', 'Payroll Februari 2026'),
  ('KUG051', 'Nirwana', 'Feb (2026)', 2600000, 200000, 150000, 0, 26000, 52000, 0, 25000, 0, 'final', 'Payroll Februari 2026'),
  ('KUG052', 'Ningsih fajarwati M', 'Feb (2026)', 2700000, 200000, 150000, 0, 27000, 54000, 0, 0, 0, 'final', 'Payroll Februari 2026'),
  ('KUG053', 'Rahmadani', 'Feb (2026)', 2300000, 200000, 150000, 0, 23000, 46000, 0, 0, 0, 'final', 'Payroll Februari 2026'),
  ('KUG054', 'Utia Hardiyawati', 'Feb (2026)', 2400000, 200000, 150000, 0, 24000, 48000, 0, 25000, 0, 'final', 'Payroll Februari 2026'),
  ('KUG055', 'Salsa Septia Ramadani', 'Feb (2026)', 2200000, 200000, 150000, 0, 22000, 44000, 0, 0, 0, 'final', 'Payroll Februari 2026'),
  ('KUG057', 'Nurazisah. M', 'Feb (2026)', 2700000, 200000, 150000, 0, 27000, 54000, 0, 0, 0, 'final', 'Payroll Februari 2026'),
  ('KUG059', 'Al Mira Zulaika', 'Feb (2026)', 2600000, 200000, 150000, 0, 26000, 52000, 0, 25000, 0, 'final', 'Payroll Februari 2026'),
  ('KUG060', 'Nurhalisah Arif', 'Feb (2026)', 2200000, 200000, 150000, 0, 22000, 44000, 0, 0, 0, 'final', 'Payroll Februari 2026'),
  ('KUG061', 'Fajar Wati', 'Feb (2026)', 2500000, 200000, 150000, 0, 25000, 50000, 0, 0, 0, 'final', 'Payroll Februari 2026'),
  ('KUG063', 'Muh. Fikran', 'Feb (2026)', 3200000, 200000, 150000, 0, 32000, 64000, 100000, 0, 0, 'final', 'Payroll Februari 2026'),
  ('KUG065', 'Ikram', 'Feb (2026)', 2900000, 200000, 150000, 0, 29000, 58000, 0, 25000, 0, 'final', 'Payroll Februari 2026'),
  ('KUG066', 'Sitti Rahmawati', 'Feb (2026)', 3200000, 200000, 150000, 0, 32000, 64000, 0, 25000, 0, 'final', 'Payroll Februari 2026'),
  ('KUG067', 'Winda Sari', 'Feb (2026)', 2700000, 200000, 150000, 0, 27000, 54000, 0, 0, 0, 'final', 'Payroll Februari 2026'),
  ('KUG068', 'Syaripuddin', 'Feb (2026)', 2700000, 200000, 150000, 0, 27000, 54000, 0, 0, 0, 'final', 'Payroll Februari 2026'),
  ('KUG070', 'Siti Fatma', 'Feb (2026)', 3600000, 200000, 150000, 0, 36000, 72000, 0, 0, 0, 'final', 'Payroll Februari 2026'),
  ('KUG071', 'Marini', 'Feb (2026)', 2800000, 200000, 150000, 0, 28000, 56000, 0, 0, 0, 'final', 'Payroll Februari 2026'),
  ('KUG072', 'Sri sutiani', 'Feb (2026)', 2700000, 200000, 150000, 0, 27000, 54000, 0, 25000, 0, 'final', 'Payroll Februari 2026'),
  ('KUG076', 'Andi Baso Mallarangeng', 'Feb (2026)', 2800000, 200000, 150000, 0, 28000, 56000, 0, 25000, 0, 'final', 'Payroll Februari 2026'),
  ('KUG077', 'Apni Eka Putri Aryanti Rezky', 'Feb (2026)', 2600000, 200000, 150000, 0, 26000, 52000, 0, 0, 0, 'final', 'Payroll Februari 2026'),
  ('KUG078', 'Asmaul Husna', 'Feb (2026)', 2400000, 200000, 150000, 0, 24000, 48000, 50000, 25000, 0, 'final', 'Payroll Februari 2026'),
  ('KUG079', 'Annisa Hattab', 'Feb (2026)', 3700000, 200000, 150000, 0, 37000, 74000, 0, 0, 0, 'final', 'Payroll Februari 2026'),
  ('KUG081', 'Risna', 'Feb (2026)', 2800000, 200000, 150000, 0, 28000, 56000, 50000, 25000, 0, 'final', 'Payroll Februari 2026'),
  ('KUG083', 'Rafli Aimansyah', 'Feb (2026)', 2800000, 200000, 150000, 0, 28000, 56000, 0, 0, 0, 'final', 'Payroll Februari 2026'),
  ('KUG084', 'Muliana', 'Feb (2026)', 2700000, 200000, 150000, 0, 27000, 54000, 100000, 25000, 0, 'final', 'Payroll Februari 2026'),
  ('KUG085', 'Rasmawati', 'Feb (2026)', 2700000, 200000, 150000, 0, 27000, 54000, 0, 25000, 0, 'final', 'Payroll Februari 2026'),
  ('KUG089', 'Hariana Syarifuddin', 'Feb (2026)', 2700000, 200000, 150000, 0, 27000, 54000, 100000, 0, 0, 'final', 'Payroll Februari 2026'),
  ('KUG090', 'Nur Husna', 'Feb (2026)', 2500000, 200000, 150000, 0, 25000, 50000, 0, 0, 0, 'final', 'Payroll Februari 2026'),
  ('KUG095', 'Nur Atika Devi Putri', 'Feb (2026)', 2600000, 200000, 150000, 0, 26000, 52000, 50000, 0, 0, 'final', 'Payroll Februari 2026'),
  ('KUG098', 'Saiful Syam', 'Feb (2026)', 2600000, 200000, 150000, 0, 26000, 52000, 0, 0, 0, 'final', 'Payroll Februari 2026'),
  ('KUG099', 'Wahidin', 'Feb (2026)', 2900000, 200000, 150000, 0, 29000, 58000, 0, 0, 0, 'final', 'Payroll Februari 2026'),
  ('KUG101', 'Yulianti Abram', 'Feb (2026)', 3000000, 200000, 150000, 0, 30000, 60000, 0, 0, 0, 'final', 'Payroll Februari 2026'),
  ('KUG106', 'Amelia', 'Feb (2026)', 2200000, 200000, 150000, 0, 22000, 44000, 0, 0, 0, 'final', 'Payroll Februari 2026'),
  ('KUG107', 'Nadira', 'Feb (2026)', 2400000, 200000, 150000, 0, 24000, 48000, 50000, 25000, 0, 'final', 'Payroll Februari 2026'),
  ('KUG108', 'Muhammad Arfan Ariff', 'Feb (2026)', 7500000, 300000, 300000, 0, 75000, 150000, 0, 0, 0, 'final', 'Payroll Februari 2026'),
  ('KUG109', 'Muhammad Fauzi Ramadhan', 'Feb (2026)', 7200000, 300000, 300000, 0, 72000, 144000, 0, 0, 0, 'final', 'Payroll Februari 2026'),
  ('KUG111', 'Jihan Alfia', 'Feb (2026)', 2700000, 200000, 150000, 0, 27000, 54000, 100000, 25000, 0, 'final', 'Payroll Februari 2026'),
  ('KUG112', 'Muh. Hidayat Alparesi', 'Feb (2026)', 2500000, 200000, 150000, 0, 25000, 50000, 50000, 0, 0, 'final', 'Payroll Februari 2026'),
  ('KUG113', 'Muh. Tahir', 'Feb (2026)', 2800000, 200000, 150000, 0, 28000, 56000, 100000, 0, 0, 'final', 'Payroll Februari 2026'),
  ('KUG114', 'Sulthan said', 'Feb (2026)', 6200000, 300000, 300000, 0, 62000, 124000, 100000, 0, 0, 'final', 'Payroll Februari 2026'),
  ('KUG115', 'Futri Auliya', 'Feb (2026)', 2500000, 200000, 150000, 0, 25000, 50000, 0, 0, 0, 'final', 'Payroll Februari 2026'),
  ('KUG116', 'Alma Pradilla', 'Feb (2026)', 3700000, 200000, 150000, 0, 37000, 74000, 0, 0, 0, 'final', 'Payroll Februari 2026'),
  ('KUG117', 'Nur Haerani', 'Feb (2026)', 2200000, 200000, 150000, 0, 22000, 44000, 0, 0, 0, 'final', 'Payroll Februari 2026'),
  ('KUG118', 'Darmayanti Nasir', 'Feb (2026)', 2800000, 200000, 150000, 0, 28000, 56000, 0, 0, 0, 'final', 'Payroll Februari 2026'),
  ('KUG119', 'Firman', 'Feb (2026)', 2400000, 200000, 150000, 0, 24000, 48000, 0, 25000, 0, 'final', 'Payroll Februari 2026'),
  ('KUG120', 'Amirullah', 'Feb (2026)', 3900000, 300000, 150000, 0, 39000, 78000, 0, 25000, 0, 'final', 'Payroll Februari 2026'),
  ('KUG121', 'Raoda', 'Feb (2026)', 2700000, 200000, 150000, 0, 27000, 54000, 0, 0, 0, 'final', 'Payroll Februari 2026'),
  ('KUG122', 'Aulia Ananda', 'Feb (2026)', 2200000, 200000, 150000, 0, 22000, 44000, 50000, 25000, 0, 'final', 'Payroll Februari 2026'),
  ('KUG123', 'Rahmawati', 'Feb (2026)', 2800000, 200000, 150000, 0, 28000, 56000, 0, 0, 0, 'final', 'Payroll Februari 2026'),
  ('KUG124', 'Nurul Hikmah', 'Feb (2026)', 2800000, 200000, 150000, 0, 28000, 56000, 0, 0, 0, 'final', 'Payroll Februari 2026'),
  ('KUG125', 'Andrian Alif Nugraha', 'Feb (2026)', 2800000, 200000, 150000, 0, 28000, 56000, 0, 0, 0, 'final', 'Payroll Februari 2026')
ON CONFLICT (employee_id, bulan) DO NOTHING;


-- ══════════════════════════════════════════════════════════
-- 4. RIWAYAT MUTASI / PROMOSI KARYAWAN
-- ══════════════════════════════════════════════════════════
INSERT INTO employee_history
  (employee_id, tgl_perubahan, jenis,
   jabatan_lama, jabatan_baru, dept_lama, dept_baru,
   status_lama, status_baru, keterangan, dicatat_oleh)
VALUES
  ('KUG001', '2025-01-25', 'Kontrak', 'Staff HR', 'Manager HCBP', 'HRD', 'HRD', NULL, NULL, 'Promosi ke Manager HCBP saat bergabung', 'Direktur'),
  ('KUG003', '2025-08-04', 'Promosi', 'Staff QC', 'Supervisor Produksi', 'Operasional', 'Operasional', NULL, NULL, 'Promosi ke Supervisor Produksi', 'Reski Amalia'),
  ('KUG004', '2025-02-01', 'Promosi', 'Staff Frontliner', 'Supervisor Store', 'Operasional', 'Operasional', NULL, NULL, 'Promosi ke Supervisor Store', 'Reski Amalia'),
  ('KUG006', '2025-08-01', 'Promosi', 'Captain Store', 'Supervisor Store', 'Operasional', 'Operasional', NULL, NULL, 'Promosi ke Supervisor Store', 'Reski Amalia'),
  ('KUG009', '2025-05-24', 'Promosi', 'Admin Marketing', 'Marketing Executive', 'Marketing', 'Marketing', NULL, NULL, 'Promosi ke Marketing Executive', 'Reski Amalia'),
  ('KUG010', '2025-08-14', 'Mutasi', 'Staff HRD', 'Admin Marketing', 'HRD', 'Operasional', NULL, NULL, 'Mutasi ke divisi Operasional sebagai Admin Marketing', 'Reski Amalia'),
  ('KUG018', '2023-09-19', 'Status', 'Probation', 'Contract', 'Operasional', 'Operasional', 'Probation', 'Contract', 'Selesai probation — diangkat karyawan kontrak', 'Nur Aisyah'),
  ('KUG019', '2024-05-29', 'Promosi', 'Staff Produksi', 'Captain Produksi', 'Operasional', 'Operasional', NULL, NULL, 'Promosi menjadi Captain Produksi', 'Nur Aisyah'),
  ('KUG030', '2023-07-13', 'Status', 'Probation', 'Contract', 'Operasional', 'Operasional', 'Probation', 'Contract', 'Selesai masa probation 2 tahun — angkat kontrak', 'Nur Aisyah'),
  ('KUG041', '2023-08-14', 'Status', 'Probation', 'Contract', 'Operasional', 'Operasional', 'Probation', 'Contract', 'Perpanjang kontrak setelah masa percobaan', 'Nur Aisyah'),
  ('KUG011', '2025-09-08', 'Kontrak', 'Staff CS Online', 'CRM', 'Marketing', 'Marketing', NULL, NULL, 'Perubahan jabatan ke CRM', 'Reski Amalia'),
  ('KUG008', '2025-01-25', 'Kontrak', 'Staff Finance', 'Staff Accounting', 'Finance', 'Finance', NULL, NULL, 'Perubahan jabatan sesuai keahlian', 'Reski Amalia')
ON CONFLICT DO NOTHING;


-- ══════════════════════════════════════════════════════════
-- 5. PENGAJUAN CUTI (30 karyawan)
-- ══════════════════════════════════════════════════════════
INSERT INTO cuti_pengajuan
  (employee_id, nama, tgl_mulai, tgl_selesai, jenis_cuti,
   alasan, status, catatan_hr)
VALUES
  ('KUG001', 'Reski Amalia', '2026-02-10', '2026-02-11', 'Tahunan', 'Keperluan pribadi/keluarga', 'Ditolak', 'Disetujui oleh atasan langsung'),
  ('KUG003', 'Nur Aisyah', '2026-02-19', '2026-02-21', 'Tahunan', 'Keperluan pribadi/keluarga', 'Disetujui', 'Disetujui oleh atasan langsung'),
  ('KUG004', 'Nur Jumiarti', '2026-02-10', '2026-02-11', 'Tahunan', 'Keperluan pribadi/keluarga', 'Ditolak', 'Disetujui oleh atasan langsung'),
  ('KUG006', 'Zainul Muttakin', '2026-01-08', '2026-01-11', 'Tahunan', 'Keperluan pribadi/keluarga', 'Disetujui', 'Disetujui oleh atasan langsung'),
  ('KUG008', 'Nike Ratnadilla', '2026-03-10', '2026-03-12', 'Tahunan', 'Keperluan pribadi/keluarga', 'Ditolak', 'Disetujui oleh atasan langsung'),
  ('KUG009', 'Nadia Putri Meilani', '2026-02-01', '2026-02-01', 'Tahunan', 'Keperluan pribadi/keluarga', 'Ditolak', 'Disetujui oleh atasan langsung'),
  ('KUG010', 'Adhel Abdiani', '2026-02-25', '2026-02-26', 'Tahunan', 'Keperluan pribadi/keluarga', 'Disetujui', 'Disetujui oleh atasan langsung'),
  ('KUG011', 'Rini Juliyanti Muhlis', '2026-01-21', '2026-01-22', 'Tahunan', 'Keperluan pribadi/keluarga', 'Disetujui', 'Disetujui oleh atasan langsung'),
  ('KUG015', 'Asri', '2026-03-25', '2026-03-26', 'Tahunan', 'Keperluan pribadi/keluarga', 'Disetujui', 'Disetujui oleh atasan langsung'),
  ('KUG016', 'Amar Ma''ruf', '2026-02-15', '2026-02-15', 'Tahunan', 'Keperluan pribadi/keluarga', 'Disetujui', 'Disetujui oleh atasan langsung'),
  ('KUG018', 'Nuraisyah', '2026-03-05', '2026-03-05', 'Darurat', 'Keperluan pribadi/keluarga', 'Disetujui', 'Disetujui oleh atasan langsung'),
  ('KUG019', 'Isnawati', '2026-03-14', '2026-03-15', 'Sakit', 'Keperluan pribadi/keluarga', 'Disetujui', 'Disetujui oleh atasan langsung'),
  ('KUG021', 'Hasriyanti', '2026-03-12', '2026-03-14', 'Sakit', 'Keperluan pribadi/keluarga', 'Disetujui', 'Disetujui oleh atasan langsung'),
  ('KUG022', 'M Dani', '2026-02-10', '2026-02-12', 'Tahunan', 'Keperluan pribadi/keluarga', 'Ditolak', 'Disetujui oleh atasan langsung'),
  ('KUG023', 'Besse Salwa Suci Mafaaza', '2026-01-05', '2026-01-06', 'Tahunan', 'Keperluan pribadi/keluarga', 'Pending', 'Disetujui oleh atasan langsung'),
  ('KUG025', 'Fitrika', '2026-02-03', '2026-02-06', 'Tahunan', 'Keperluan pribadi/keluarga', 'Disetujui', 'Disetujui oleh atasan langsung'),
  ('KUG026', 'Fahmi Adriansyah', '2026-03-04', '2026-03-07', 'Darurat', 'Keperluan pribadi/keluarga', 'Disetujui', 'Disetujui oleh atasan langsung'),
  ('KUG027', 'Muh. Akbar', '2026-03-13', '2026-03-15', 'Tahunan', 'Keperluan pribadi/keluarga', 'Disetujui', 'Disetujui oleh atasan langsung'),
  ('KUG028', 'Rosamelia', '2026-02-01', '2026-02-03', 'Tahunan', 'Keperluan pribadi/keluarga', 'Disetujui', 'Disetujui oleh atasan langsung'),
  ('KUG030', 'Hatija', '2026-03-03', '2026-03-06', 'Darurat', 'Keperluan pribadi/keluarga', 'Ditolak', 'Disetujui oleh atasan langsung'),
  ('KUG031', 'Ramlia Ramadhani', '2026-01-05', '2026-01-05', 'Tahunan', 'Keperluan pribadi/keluarga', 'Disetujui', 'Disetujui oleh atasan langsung'),
  ('KUG032', 'Nur Santi', '2026-02-04', '2026-02-04', 'Sakit', 'Keperluan pribadi/keluarga', 'Pending', 'Disetujui oleh atasan langsung'),
  ('KUG033', 'Nurlina', '2026-01-13', '2026-01-16', 'Darurat', 'Keperluan pribadi/keluarga', 'Pending', 'Disetujui oleh atasan langsung'),
  ('KUG036', 'Putri Dewi', '2026-02-19', '2026-02-20', 'Tahunan', 'Keperluan pribadi/keluarga', 'Disetujui', 'Disetujui oleh atasan langsung'),
  ('KUG038', 'Mutmainna', '2026-02-20', '2026-02-23', 'Darurat', 'Keperluan pribadi/keluarga', 'Disetujui', 'Disetujui oleh atasan langsung'),
  ('KUG041', 'Rusdi', '2026-03-12', '2026-03-13', 'Tahunan', 'Keperluan pribadi/keluarga', 'Ditolak', 'Disetujui oleh atasan langsung'),
  ('KUG042', 'Nur Sinta', '2026-01-12', '2026-01-12', 'Darurat', 'Keperluan pribadi/keluarga', 'Pending', 'Disetujui oleh atasan langsung'),
  ('KUG043', 'Rahman', '2026-03-12', '2026-03-12', 'Tahunan', 'Keperluan pribadi/keluarga', 'Disetujui', 'Disetujui oleh atasan langsung'),
  ('KUG044', 'Haerana', '2026-01-04', '2026-01-07', 'Tahunan', 'Keperluan pribadi/keluarga', 'Disetujui', 'Disetujui oleh atasan langsung'),
  ('KUG045', 'Hajratul Aswani', '2026-03-21', '2026-03-21', 'Tahunan', 'Keperluan pribadi/keluarga', 'Disetujui', 'Disetujui oleh atasan langsung')
ON CONFLICT DO NOTHING;


-- ══════════════════════════════════════════════════════════
-- VERIFIKASI
-- ══════════════════════════════════════════════════════════
/*
SELECT 'cuti_saldo'       AS tabel, COUNT(*) FROM cuti_saldo      WHERE tahun = 2026
UNION ALL
SELECT 'kpi_penilaian',    COUNT(*) FROM kpi_penilaian
UNION ALL
SELECT 'payroll',          COUNT(*) FROM payroll
UNION ALL
SELECT 'employee_history', COUNT(*) FROM employee_history
UNION ALL
SELECT 'cuti_pengajuan',   COUNT(*) FROM cuti_pengajuan;
*/
