-- ═══════════════════════════════════════════════════════════
-- KARAENGTA HRIS — Seed Data Lengkap v3 (Fixed)
-- File: 12_seed_lengkap_semua_modul.sql
-- ═══════════════════════════════════════════════════════════


-- ══════════════════════════════════════════════════════════
-- 1. ATTENDANCE Mar, Apr, Mei 2026 (fix dropdown Penggajian)
-- ══════════════════════════════════════════════════════════
INSERT INTO attendance
  (employee_id, full_name, branch, bulan, total_hadir, terlambat, cuti, sakit, izin, alpha)
VALUES
  ('KUG001', 'Reski Amalia', 'Karaengta', 'Mar (2026)', 25, 0, 0, 0, 0, 0),
  ('KUG001', 'Reski Amalia', 'Karaengta', 'Apr (2026)', 24, 0, 0, 0, 0, 0),
  ('KUG001', 'Reski Amalia', 'Karaengta', 'Mei (2026)', 16, 0, 0, 0, 0, 0),
  ('KUG003', 'Nur Aisyah', 'Karaengta', 'Mar (2026)', 25, 2, 0, 0, 0, 0),
  ('KUG003', 'Nur Aisyah', 'Karaengta', 'Apr (2026)', 23, 1, 0, 0, 0, 0),
  ('KUG003', 'Nur Aisyah', 'Karaengta', 'Mei (2026)', 15, 0, 0, 0, 0, 0),
  ('KUG004', 'Nur Jumiarti', 'Karaengta', 'Mar (2026)', 21, 2, 0, 0, 0, 1),
  ('KUG004', 'Nur Jumiarti', 'Karaengta', 'Apr (2026)', 19, 2, 0, 0, 0, 0),
  ('KUG004', 'Nur Jumiarti', 'Karaengta', 'Mei (2026)', 20, 2, 0, 0, 0, 0),
  ('KUG006', 'Zainul Muttakin', 'Karaengta', 'Mar (2026)', 21, 1, 0, 0, 0, 1),
  ('KUG006', 'Zainul Muttakin', 'Karaengta', 'Apr (2026)', 21, 0, 0, 0, 0, 0),
  ('KUG006', 'Zainul Muttakin', 'Karaengta', 'Mei (2026)', 20, 1, 0, 0, 0, 0),
  ('KUG008', 'Nike Ratnadilla', 'Karaengta', 'Mar (2026)', 22, 0, 0, 0, 0, 0),
  ('KUG008', 'Nike Ratnadilla', 'Karaengta', 'Apr (2026)', 25, 0, 0, 0, 0, 0),
  ('KUG008', 'Nike Ratnadilla', 'Karaengta', 'Mei (2026)', 15, 1, 0, 0, 0, 0),
  ('KUG009', 'Nadia Putri Meilani', 'Karaengta', 'Mar (2026)', 22, 0, 0, 0, 0, 1),
  ('KUG009', 'Nadia Putri Meilani', 'Karaengta', 'Apr (2026)', 21, 0, 0, 0, 0, 0),
  ('KUG009', 'Nadia Putri Meilani', 'Karaengta', 'Mei (2026)', 19, 0, 0, 0, 0, 0),
  ('KUG010', 'Adhel Abdiani', 'Karaengta', 'Mar (2026)', 20, 2, 0, 0, 0, 0),
  ('KUG010', 'Adhel Abdiani', 'Karaengta', 'Apr (2026)', 25, 2, 0, 0, 0, 0),
  ('KUG010', 'Adhel Abdiani', 'Karaengta', 'Mei (2026)', 19, 0, 0, 0, 0, 0),
  ('KUG011', 'Rini Juliyanti Muhlis', 'Karaengta', 'Mar (2026)', 20, 0, 0, 0, 0, 0),
  ('KUG011', 'Rini Juliyanti Muhlis', 'Karaengta', 'Apr (2026)', 19, 0, 0, 0, 0, 0),
  ('KUG011', 'Rini Juliyanti Muhlis', 'Karaengta', 'Mei (2026)', 18, 0, 0, 0, 0, 0),
  ('KUG015', 'Asri', 'Karaengta', 'Mar (2026)', 25, 0, 0, 0, 0, 0),
  ('KUG015', 'Asri', 'Karaengta', 'Apr (2026)', 21, 0, 0, 0, 0, 0),
  ('KUG015', 'Asri', 'Karaengta', 'Mei (2026)', 20, 0, 0, 0, 0, 0),
  ('KUG016', 'Amar Ma''ruf', 'Karaengta', 'Mar (2026)', 24, 0, 0, 0, 0, 1),
  ('KUG016', 'Amar Ma''ruf', 'Karaengta', 'Apr (2026)', 24, 0, 0, 0, 0, 0),
  ('KUG016', 'Amar Ma''ruf', 'Karaengta', 'Mei (2026)', 18, 1, 0, 0, 0, 0),
  ('KUG018', 'Nuraisyah', 'Karaengta', 'Mar (2026)', 25, 2, 0, 0, 0, 0),
  ('KUG018', 'Nuraisyah', 'Karaengta', 'Apr (2026)', 24, 0, 0, 0, 0, 0),
  ('KUG018', 'Nuraisyah', 'Karaengta', 'Mei (2026)', 16, 0, 0, 0, 0, 0),
  ('KUG019', 'Isnawati', 'Karaengta', 'Mar (2026)', 23, 0, 0, 0, 0, 0),
  ('KUG019', 'Isnawati', 'Karaengta', 'Apr (2026)', 20, 2, 0, 0, 0, 0),
  ('KUG019', 'Isnawati', 'Karaengta', 'Mei (2026)', 16, 1, 0, 0, 0, 0),
  ('KUG021', 'Hasriyanti', 'Karaengta', 'Mar (2026)', 25, 1, 0, 0, 0, 0),
  ('KUG021', 'Hasriyanti', 'Karaengta', 'Apr (2026)', 21, 0, 0, 0, 0, 0),
  ('KUG021', 'Hasriyanti', 'Karaengta', 'Mei (2026)', 20, 2, 0, 0, 0, 1),
  ('KUG022', 'M Dani', 'Karaengta', 'Mar (2026)', 22, 2, 0, 0, 0, 0),
  ('KUG022', 'M Dani', 'Karaengta', 'Apr (2026)', 23, 1, 0, 0, 0, 0),
  ('KUG022', 'M Dani', 'Karaengta', 'Mei (2026)', 16, 0, 0, 0, 0, 1),
  ('KUG023', 'Besse Salwa Suci Mafaaza', 'Karaengta', 'Mar (2026)', 23, 0, 0, 0, 0, 0),
  ('KUG023', 'Besse Salwa Suci Mafaaza', 'Karaengta', 'Apr (2026)', 25, 0, 0, 0, 0, 0),
  ('KUG023', 'Besse Salwa Suci Mafaaza', 'Karaengta', 'Mei (2026)', 20, 0, 0, 0, 0, 0),
  ('KUG025', 'Fitrika', 'Karaengta', 'Mar (2026)', 24, 0, 0, 0, 0, 0),
  ('KUG025', 'Fitrika', 'Karaengta', 'Apr (2026)', 22, 2, 0, 0, 0, 0),
  ('KUG025', 'Fitrika', 'Karaengta', 'Mei (2026)', 19, 0, 0, 0, 0, 1),
  ('KUG026', 'Fahmi Adriansyah', 'Karaengta', 'Mar (2026)', 26, 0, 0, 0, 0, 0),
  ('KUG026', 'Fahmi Adriansyah', 'Karaengta', 'Apr (2026)', 24, 2, 0, 0, 0, 0),
  ('KUG026', 'Fahmi Adriansyah', 'Karaengta', 'Mei (2026)', 20, 0, 0, 0, 0, 0),
  ('KUG027', 'Muh. Akbar', 'Karaengta', 'Mar (2026)', 22, 1, 0, 0, 0, 0),
  ('KUG027', 'Muh. Akbar', 'Karaengta', 'Apr (2026)', 22, 0, 0, 0, 0, 0),
  ('KUG027', 'Muh. Akbar', 'Karaengta', 'Mei (2026)', 19, 0, 0, 0, 0, 1),
  ('KUG028', 'Rosamelia', 'Karaengta', 'Mar (2026)', 20, 0, 0, 0, 0, 1),
  ('KUG028', 'Rosamelia', 'Karaengta', 'Apr (2026)', 23, 0, 0, 0, 0, 0),
  ('KUG028', 'Rosamelia', 'Karaengta', 'Mei (2026)', 17, 0, 0, 0, 0, 1),
  ('KUG030', 'Hatija', 'Karaengta', 'Mar (2026)', 26, 2, 0, 0, 0, 0),
  ('KUG030', 'Hatija', 'Karaengta', 'Apr (2026)', 23, 0, 0, 0, 0, 0),
  ('KUG030', 'Hatija', 'Karaengta', 'Mei (2026)', 15, 0, 0, 0, 0, 0),
  ('KUG031', 'Ramlia Ramadhani', 'Karaengta', 'Mar (2026)', 26, 0, 0, 0, 0, 0),
  ('KUG031', 'Ramlia Ramadhani', 'Karaengta', 'Apr (2026)', 19, 0, 0, 0, 0, 1),
  ('KUG031', 'Ramlia Ramadhani', 'Karaengta', 'Mei (2026)', 15, 0, 0, 0, 0, 0),
  ('KUG032', 'Nur Santi', 'Karaengta', 'Mar (2026)', 26, 0, 0, 0, 0, 1),
  ('KUG032', 'Nur Santi', 'Karaengta', 'Apr (2026)', 25, 0, 0, 0, 0, 0),
  ('KUG032', 'Nur Santi', 'Karaengta', 'Mei (2026)', 20, 1, 0, 0, 0, 1),
  ('KUG033', 'Nurlina', 'Karaengta', 'Mar (2026)', 21, 0, 0, 0, 0, 1),
  ('KUG033', 'Nurlina', 'Karaengta', 'Apr (2026)', 25, 2, 0, 0, 0, 0),
  ('KUG033', 'Nurlina', 'Karaengta', 'Mei (2026)', 16, 2, 0, 0, 0, 0),
  ('KUG036', 'Putri Dewi', 'Karaengta', 'Mar (2026)', 25, 0, 0, 0, 0, 0),
  ('KUG036', 'Putri Dewi', 'Karaengta', 'Apr (2026)', 24, 0, 0, 0, 0, 0),
  ('KUG036', 'Putri Dewi', 'Karaengta', 'Mei (2026)', 19, 1, 0, 0, 0, 0),
  ('KUG038', 'Mutmainna', 'Karaengta', 'Mar (2026)', 21, 0, 0, 0, 0, 0),
  ('KUG038', 'Mutmainna', 'Karaengta', 'Apr (2026)', 21, 0, 0, 0, 0, 1),
  ('KUG038', 'Mutmainna', 'Karaengta', 'Mei (2026)', 19, 0, 0, 0, 0, 1),
  ('KUG041', 'Rusdi', 'Karaengta', 'Mar (2026)', 21, 0, 0, 0, 0, 0),
  ('KUG041', 'Rusdi', 'Karaengta', 'Apr (2026)', 24, 0, 0, 0, 0, 0),
  ('KUG041', 'Rusdi', 'Karaengta', 'Mei (2026)', 15, 0, 0, 0, 0, 0),
  ('KUG042', 'Nur Sinta', 'Karaengta', 'Mar (2026)', 20, 2, 0, 0, 0, 0),
  ('KUG042', 'Nur Sinta', 'Karaengta', 'Apr (2026)', 21, 1, 0, 0, 0, 0),
  ('KUG042', 'Nur Sinta', 'Karaengta', 'Mei (2026)', 19, 0, 0, 0, 0, 1),
  ('KUG043', 'Rahman', 'Karaengta', 'Mar (2026)', 24, 1, 0, 0, 0, 0),
  ('KUG043', 'Rahman', 'Karaengta', 'Apr (2026)', 25, 1, 0, 0, 0, 0),
  ('KUG043', 'Rahman', 'Karaengta', 'Mei (2026)', 16, 0, 0, 0, 0, 0),
  ('KUG044', 'Haerana', 'Karaengta', 'Mar (2026)', 25, 1, 0, 0, 0, 0),
  ('KUG044', 'Haerana', 'Karaengta', 'Apr (2026)', 22, 1, 0, 0, 0, 0),
  ('KUG044', 'Haerana', 'Karaengta', 'Mei (2026)', 20, 0, 0, 0, 0, 0),
  ('KUG045', 'Hajratul Aswani', 'Karaengta', 'Mar (2026)', 20, 1, 0, 0, 0, 0),
  ('KUG045', 'Hajratul Aswani', 'Karaengta', 'Apr (2026)', 25, 0, 0, 0, 0, 0),
  ('KUG045', 'Hajratul Aswani', 'Karaengta', 'Mei (2026)', 16, 0, 0, 0, 0, 1),
  ('KUG046', 'Alwihdatul Ummah', 'Karaengta', 'Mar (2026)', 23, 0, 0, 0, 0, 0),
  ('KUG046', 'Alwihdatul Ummah', 'Karaengta', 'Apr (2026)', 20, 0, 0, 0, 0, 0),
  ('KUG046', 'Alwihdatul Ummah', 'Karaengta', 'Mei (2026)', 16, 0, 0, 0, 0, 0),
  ('KUG047', 'Serli Melinda', 'Karaengta', 'Mar (2026)', 26, 2, 0, 0, 0, 0),
  ('KUG047', 'Serli Melinda', 'Karaengta', 'Apr (2026)', 19, 2, 0, 0, 0, 0),
  ('KUG047', 'Serli Melinda', 'Karaengta', 'Mei (2026)', 15, 0, 0, 0, 0, 0),
  ('KUG048', 'Andini', 'Karaengta', 'Mar (2026)', 23, 1, 0, 0, 0, 0),
  ('KUG048', 'Andini', 'Karaengta', 'Apr (2026)', 20, 1, 0, 0, 0, 0),
  ('KUG048', 'Andini', 'Karaengta', 'Mei (2026)', 16, 1, 0, 0, 0, 0),
  ('KUG050', 'Aisyah', 'Karaengta', 'Mar (2026)', 23, 0, 0, 0, 0, 0),
  ('KUG050', 'Aisyah', 'Karaengta', 'Apr (2026)', 21, 1, 0, 0, 0, 1),
  ('KUG050', 'Aisyah', 'Karaengta', 'Mei (2026)', 20, 1, 0, 0, 0, 0),
  ('KUG051', 'Nirwana', 'Karaengta', 'Mar (2026)', 21, 0, 0, 0, 0, 0),
  ('KUG051', 'Nirwana', 'Karaengta', 'Apr (2026)', 19, 2, 0, 0, 0, 1),
  ('KUG051', 'Nirwana', 'Karaengta', 'Mei (2026)', 15, 0, 0, 0, 0, 0),
  ('KUG052', 'Ningsih fajarwati M', 'Karaengta', 'Mar (2026)', 20, 2, 0, 0, 0, 0),
  ('KUG052', 'Ningsih fajarwati M', 'Karaengta', 'Apr (2026)', 23, 2, 0, 0, 0, 0),
  ('KUG052', 'Ningsih fajarwati M', 'Karaengta', 'Mei (2026)', 15, 2, 0, 0, 0, 0),
  ('KUG053', 'Rahmadani', 'Karaengta', 'Mar (2026)', 26, 0, 0, 0, 0, 0),
  ('KUG053', 'Rahmadani', 'Karaengta', 'Apr (2026)', 23, 0, 0, 0, 0, 0),
  ('KUG053', 'Rahmadani', 'Karaengta', 'Mei (2026)', 18, 0, 0, 0, 0, 1),
  ('KUG054', 'Utia Hardiyawati', 'Karaengta', 'Mar (2026)', 21, 2, 0, 0, 0, 1),
  ('KUG054', 'Utia Hardiyawati', 'Karaengta', 'Apr (2026)', 19, 2, 0, 0, 0, 0),
  ('KUG054', 'Utia Hardiyawati', 'Karaengta', 'Mei (2026)', 18, 2, 0, 0, 0, 1),
  ('KUG055', 'Salsa Septia Ramadani', 'Karaengta', 'Mar (2026)', 24, 0, 0, 0, 0, 0),
  ('KUG055', 'Salsa Septia Ramadani', 'Karaengta', 'Apr (2026)', 20, 0, 0, 0, 0, 0),
  ('KUG055', 'Salsa Septia Ramadani', 'Karaengta', 'Mei (2026)', 17, 1, 0, 0, 0, 0),
  ('KUG057', 'Nurazisah. M', 'Karaengta', 'Mar (2026)', 25, 0, 0, 0, 0, 0),
  ('KUG057', 'Nurazisah. M', 'Karaengta', 'Apr (2026)', 21, 0, 0, 0, 0, 0),
  ('KUG057', 'Nurazisah. M', 'Karaengta', 'Mei (2026)', 18, 2, 0, 0, 0, 1),
  ('KUG059', 'Al Mira Zulaika', 'Karaengta', 'Mar (2026)', 20, 0, 0, 0, 0, 1),
  ('KUG059', 'Al Mira Zulaika', 'Karaengta', 'Apr (2026)', 20, 2, 0, 0, 0, 0),
  ('KUG059', 'Al Mira Zulaika', 'Karaengta', 'Mei (2026)', 16, 0, 0, 0, 0, 0),
  ('KUG060', 'Nurhalisah Arif', 'Karaengta', 'Mar (2026)', 21, 0, 0, 0, 0, 0),
  ('KUG060', 'Nurhalisah Arif', 'Karaengta', 'Apr (2026)', 20, 1, 0, 0, 0, 1),
  ('KUG060', 'Nurhalisah Arif', 'Karaengta', 'Mei (2026)', 20, 0, 0, 0, 0, 1),
  ('KUG061', 'Fajar Wati', 'Karaengta', 'Mar (2026)', 26, 2, 0, 0, 0, 0),
  ('KUG061', 'Fajar Wati', 'Karaengta', 'Apr (2026)', 24, 2, 0, 0, 0, 0),
  ('KUG061', 'Fajar Wati', 'Karaengta', 'Mei (2026)', 20, 0, 0, 0, 0, 0),
  ('KUG063', 'Muh. Fikran', 'Karaengta', 'Mar (2026)', 22, 0, 0, 0, 0, 0),
  ('KUG063', 'Muh. Fikran', 'Karaengta', 'Apr (2026)', 24, 2, 0, 0, 0, 0),
  ('KUG063', 'Muh. Fikran', 'Karaengta', 'Mei (2026)', 17, 0, 0, 0, 0, 1),
  ('KUG065', 'Ikram', 'Karaengta', 'Mar (2026)', 21, 0, 0, 0, 0, 0),
  ('KUG065', 'Ikram', 'Karaengta', 'Apr (2026)', 24, 0, 0, 0, 0, 1),
  ('KUG065', 'Ikram', 'Karaengta', 'Mei (2026)', 18, 0, 0, 0, 0, 0),
  ('KUG066', 'Sitti Rahmawati', 'Karaengta', 'Mar (2026)', 20, 1, 0, 0, 0, 0),
  ('KUG066', 'Sitti Rahmawati', 'Karaengta', 'Apr (2026)', 19, 0, 0, 0, 0, 0),
  ('KUG066', 'Sitti Rahmawati', 'Karaengta', 'Mei (2026)', 16, 0, 0, 0, 0, 0),
  ('KUG067', 'Winda Sari', 'Karaengta', 'Mar (2026)', 25, 1, 0, 0, 0, 1),
  ('KUG067', 'Winda Sari', 'Karaengta', 'Apr (2026)', 24, 1, 0, 0, 0, 1),
  ('KUG067', 'Winda Sari', 'Karaengta', 'Mei (2026)', 15, 0, 0, 0, 0, 0),
  ('KUG068', 'Syaripuddin', 'Karaengta', 'Mar (2026)', 25, 0, 0, 0, 0, 1),
  ('KUG068', 'Syaripuddin', 'Karaengta', 'Apr (2026)', 19, 0, 0, 0, 0, 1),
  ('KUG068', 'Syaripuddin', 'Karaengta', 'Mei (2026)', 19, 0, 0, 0, 0, 0),
  ('KUG070', 'Siti Fatma', 'Karaengta', 'Mar (2026)', 21, 0, 0, 0, 0, 0),
  ('KUG070', 'Siti Fatma', 'Karaengta', 'Apr (2026)', 21, 0, 0, 0, 0, 0),
  ('KUG070', 'Siti Fatma', 'Karaengta', 'Mei (2026)', 16, 0, 0, 0, 0, 0),
  ('KUG071', 'Marini', 'Karaengta', 'Mar (2026)', 22, 2, 0, 0, 0, 0),
  ('KUG071', 'Marini', 'Karaengta', 'Apr (2026)', 23, 0, 0, 0, 0, 0),
  ('KUG071', 'Marini', 'Karaengta', 'Mei (2026)', 16, 0, 0, 0, 0, 0),
  ('KUG072', 'Sri sutiani', 'Karaengta', 'Mar (2026)', 20, 0, 0, 0, 0, 0),
  ('KUG072', 'Sri sutiani', 'Karaengta', 'Apr (2026)', 25, 1, 0, 0, 0, 0),
  ('KUG072', 'Sri sutiani', 'Karaengta', 'Mei (2026)', 17, 0, 0, 0, 0, 0),
  ('KUG076', 'Andi Baso Mallarangeng', 'Karaengta', 'Mar (2026)', 23, 0, 0, 0, 0, 0),
  ('KUG076', 'Andi Baso Mallarangeng', 'Karaengta', 'Apr (2026)', 20, 0, 0, 0, 0, 0),
  ('KUG076', 'Andi Baso Mallarangeng', 'Karaengta', 'Mei (2026)', 17, 0, 0, 0, 0, 0),
  ('KUG077', 'Apni Eka Putri Aryanti Rezky', 'Karaengta', 'Mar (2026)', 21, 0, 0, 0, 0, 0),
  ('KUG077', 'Apni Eka Putri Aryanti Rezky', 'Karaengta', 'Apr (2026)', 22, 0, 0, 0, 0, 0),
  ('KUG077', 'Apni Eka Putri Aryanti Rezky', 'Karaengta', 'Mei (2026)', 15, 0, 0, 0, 0, 0),
  ('KUG078', 'Asmaul Husna', 'Karaengta', 'Mar (2026)', 25, 2, 0, 0, 0, 0),
  ('KUG078', 'Asmaul Husna', 'Karaengta', 'Apr (2026)', 24, 2, 0, 0, 0, 0),
  ('KUG078', 'Asmaul Husna', 'Karaengta', 'Mei (2026)', 15, 0, 0, 0, 0, 0),
  ('KUG079', 'Annisa Hattab', 'Karaengta', 'Mar (2026)', 21, 2, 0, 0, 0, 0),
  ('KUG079', 'Annisa Hattab', 'Karaengta', 'Apr (2026)', 19, 0, 0, 0, 0, 1),
  ('KUG079', 'Annisa Hattab', 'Karaengta', 'Mei (2026)', 18, 0, 0, 0, 0, 0),
  ('KUG081', 'Risna', 'Karaengta', 'Mar (2026)', 23, 2, 0, 0, 0, 1),
  ('KUG081', 'Risna', 'Karaengta', 'Apr (2026)', 19, 1, 0, 0, 0, 1),
  ('KUG081', 'Risna', 'Karaengta', 'Mei (2026)', 16, 0, 0, 0, 0, 0),
  ('KUG083', 'Rafli Aimansyah', 'Karaengta', 'Mar (2026)', 25, 1, 0, 0, 0, 0),
  ('KUG083', 'Rafli Aimansyah', 'Karaengta', 'Apr (2026)', 23, 2, 0, 0, 0, 0),
  ('KUG083', 'Rafli Aimansyah', 'Karaengta', 'Mei (2026)', 17, 1, 0, 0, 0, 0),
  ('KUG084', 'Muliana', 'Karaengta', 'Mar (2026)', 25, 0, 0, 0, 0, 1),
  ('KUG084', 'Muliana', 'Karaengta', 'Apr (2026)', 21, 0, 0, 0, 0, 0),
  ('KUG084', 'Muliana', 'Karaengta', 'Mei (2026)', 19, 0, 0, 0, 0, 0),
  ('KUG085', 'Rasmawati', 'Karaengta', 'Mar (2026)', 22, 1, 0, 0, 0, 0),
  ('KUG085', 'Rasmawati', 'Karaengta', 'Apr (2026)', 23, 0, 0, 0, 0, 0),
  ('KUG085', 'Rasmawati', 'Karaengta', 'Mei (2026)', 18, 1, 0, 0, 0, 0),
  ('KUG089', 'Hariana Syarifuddin', 'Karaengta', 'Mar (2026)', 24, 2, 0, 0, 0, 0),
  ('KUG089', 'Hariana Syarifuddin', 'Karaengta', 'Apr (2026)', 22, 2, 0, 0, 0, 0),
  ('KUG089', 'Hariana Syarifuddin', 'Karaengta', 'Mei (2026)', 17, 0, 0, 0, 0, 0),
  ('KUG090', 'Nur Husna', 'Karaengta', 'Mar (2026)', 23, 2, 0, 0, 0, 1),
  ('KUG090', 'Nur Husna', 'Karaengta', 'Apr (2026)', 24, 0, 0, 0, 0, 0),
  ('KUG090', 'Nur Husna', 'Karaengta', 'Mei (2026)', 18, 1, 0, 0, 0, 0),
  ('KUG095', 'Nur Atika Devi Putri', 'Karaengta', 'Mar (2026)', 24, 1, 0, 0, 0, 0),
  ('KUG095', 'Nur Atika Devi Putri', 'Karaengta', 'Apr (2026)', 24, 0, 0, 0, 0, 0),
  ('KUG095', 'Nur Atika Devi Putri', 'Karaengta', 'Mei (2026)', 19, 2, 0, 0, 0, 0),
  ('KUG098', 'Saiful Syam', 'Karaengta', 'Mar (2026)', 20, 0, 0, 0, 0, 0),
  ('KUG098', 'Saiful Syam', 'Karaengta', 'Apr (2026)', 20, 0, 0, 0, 0, 0),
  ('KUG098', 'Saiful Syam', 'Karaengta', 'Mei (2026)', 15, 0, 0, 0, 0, 0),
  ('KUG099', 'Wahidin', 'Karaengta', 'Mar (2026)', 23, 2, 0, 0, 0, 0),
  ('KUG099', 'Wahidin', 'Karaengta', 'Apr (2026)', 22, 1, 0, 0, 0, 1),
  ('KUG099', 'Wahidin', 'Karaengta', 'Mei (2026)', 16, 1, 0, 0, 0, 0),
  ('KUG101', 'Yulianti Abram', 'Karaengta', 'Mar (2026)', 23, 0, 0, 0, 0, 0),
  ('KUG101', 'Yulianti Abram', 'Karaengta', 'Apr (2026)', 24, 0, 0, 0, 0, 0),
  ('KUG101', 'Yulianti Abram', 'Karaengta', 'Mei (2026)', 18, 0, 0, 0, 0, 0),
  ('KUG106', 'Amelia', 'Karaengta', 'Mar (2026)', 26, 2, 0, 0, 0, 0),
  ('KUG106', 'Amelia', 'Karaengta', 'Apr (2026)', 19, 2, 0, 0, 0, 0),
  ('KUG106', 'Amelia', 'Karaengta', 'Mei (2026)', 15, 1, 0, 0, 0, 0),
  ('KUG107', 'Nadira', 'Karaengta', 'Mar (2026)', 26, 1, 0, 0, 0, 1),
  ('KUG107', 'Nadira', 'Karaengta', 'Apr (2026)', 23, 2, 0, 0, 0, 0),
  ('KUG107', 'Nadira', 'Karaengta', 'Mei (2026)', 18, 2, 0, 0, 0, 1),
  ('KUG108', 'Muhammad Arfan Ariff', 'Karaengta', 'Mar (2026)', 23, 2, 0, 0, 0, 0),
  ('KUG108', 'Muhammad Arfan Ariff', 'Karaengta', 'Apr (2026)', 20, 1, 0, 0, 0, 0),
  ('KUG108', 'Muhammad Arfan Ariff', 'Karaengta', 'Mei (2026)', 17, 0, 0, 0, 0, 0),
  ('KUG109', 'Muhammad Fauzi Ramadhan', 'Karaengta', 'Mar (2026)', 26, 2, 0, 0, 0, 0),
  ('KUG109', 'Muhammad Fauzi Ramadhan', 'Karaengta', 'Apr (2026)', 24, 0, 0, 0, 0, 0),
  ('KUG109', 'Muhammad Fauzi Ramadhan', 'Karaengta', 'Mei (2026)', 18, 0, 0, 0, 0, 0),
  ('KUG111', 'Jihan Alfia', 'Karaengta', 'Mar (2026)', 21, 0, 0, 0, 0, 0),
  ('KUG111', 'Jihan Alfia', 'Karaengta', 'Apr (2026)', 21, 2, 0, 0, 0, 0),
  ('KUG111', 'Jihan Alfia', 'Karaengta', 'Mei (2026)', 16, 0, 0, 0, 0, 0),
  ('KUG112', 'Muh. Hidayat Alparesi', 'Karaengta', 'Mar (2026)', 23, 0, 0, 0, 0, 0),
  ('KUG112', 'Muh. Hidayat Alparesi', 'Karaengta', 'Apr (2026)', 19, 1, 0, 0, 0, 0),
  ('KUG112', 'Muh. Hidayat Alparesi', 'Karaengta', 'Mei (2026)', 17, 2, 0, 0, 0, 0),
  ('KUG113', 'Muh. Tahir', 'Karaengta', 'Mar (2026)', 23, 0, 0, 0, 0, 0),
  ('KUG113', 'Muh. Tahir', 'Karaengta', 'Apr (2026)', 25, 1, 0, 0, 0, 0),
  ('KUG113', 'Muh. Tahir', 'Karaengta', 'Mei (2026)', 19, 0, 0, 0, 0, 1),
  ('KUG114', 'Sulthan said', 'Karaengta', 'Mar (2026)', 23, 1, 0, 0, 0, 0),
  ('KUG114', 'Sulthan said', 'Karaengta', 'Apr (2026)', 21, 0, 0, 0, 0, 0),
  ('KUG114', 'Sulthan said', 'Karaengta', 'Mei (2026)', 18, 2, 0, 0, 0, 1),
  ('KUG115', 'Futri Auliya', 'Karaengta', 'Mar (2026)', 26, 2, 0, 0, 0, 0),
  ('KUG115', 'Futri Auliya', 'Karaengta', 'Apr (2026)', 22, 0, 0, 0, 0, 0),
  ('KUG115', 'Futri Auliya', 'Karaengta', 'Mei (2026)', 18, 1, 0, 0, 0, 0),
  ('KUG116', 'Alma Pradilla', 'Karaengta', 'Mar (2026)', 23, 0, 0, 0, 0, 0),
  ('KUG116', 'Alma Pradilla', 'Karaengta', 'Apr (2026)', 24, 0, 0, 0, 0, 0),
  ('KUG116', 'Alma Pradilla', 'Karaengta', 'Mei (2026)', 16, 2, 0, 0, 0, 1),
  ('KUG117', 'Nur Haerani', 'Karaengta', 'Mar (2026)', 20, 1, 0, 0, 0, 1),
  ('KUG117', 'Nur Haerani', 'Karaengta', 'Apr (2026)', 23, 0, 0, 0, 0, 0),
  ('KUG117', 'Nur Haerani', 'Karaengta', 'Mei (2026)', 20, 1, 0, 0, 0, 0),
  ('KUG118', 'Darmayanti Nasir', 'Karaengta', 'Mar (2026)', 26, 1, 0, 0, 0, 0),
  ('KUG118', 'Darmayanti Nasir', 'Karaengta', 'Apr (2026)', 19, 0, 0, 0, 0, 0),
  ('KUG118', 'Darmayanti Nasir', 'Karaengta', 'Mei (2026)', 17, 0, 0, 0, 0, 0),
  ('KUG119', 'Firman', 'Karaengta', 'Mar (2026)', 22, 0, 0, 0, 0, 0),
  ('KUG119', 'Firman', 'Karaengta', 'Apr (2026)', 21, 1, 0, 0, 0, 0),
  ('KUG119', 'Firman', 'Karaengta', 'Mei (2026)', 15, 1, 0, 0, 0, 0),
  ('KUG120', 'Amirullah', 'Karaengta', 'Mar (2026)', 25, 2, 0, 0, 0, 0),
  ('KUG120', 'Amirullah', 'Karaengta', 'Apr (2026)', 21, 0, 0, 0, 0, 0),
  ('KUG120', 'Amirullah', 'Karaengta', 'Mei (2026)', 20, 0, 0, 0, 0, 0),
  ('KUG121', 'Raoda', 'Karaengta', 'Mar (2026)', 21, 0, 0, 0, 0, 0),
  ('KUG121', 'Raoda', 'Karaengta', 'Apr (2026)', 23, 0, 0, 0, 0, 0),
  ('KUG121', 'Raoda', 'Karaengta', 'Mei (2026)', 16, 1, 0, 0, 0, 0),
  ('KUG122', 'Aulia Ananda', 'Karaengta', 'Mar (2026)', 24, 0, 0, 0, 0, 0),
  ('KUG122', 'Aulia Ananda', 'Karaengta', 'Apr (2026)', 24, 0, 0, 0, 0, 0),
  ('KUG122', 'Aulia Ananda', 'Karaengta', 'Mei (2026)', 16, 2, 0, 0, 0, 1),
  ('KUG123', 'Rahmawati', 'Karaengta', 'Mar (2026)', 25, 0, 0, 0, 0, 0),
  ('KUG123', 'Rahmawati', 'Karaengta', 'Apr (2026)', 21, 0, 0, 0, 0, 1),
  ('KUG123', 'Rahmawati', 'Karaengta', 'Mei (2026)', 15, 0, 0, 0, 0, 1),
  ('KUG124', 'Nurul Hikmah', 'Karaengta', 'Mar (2026)', 25, 1, 0, 0, 0, 0),
  ('KUG124', 'Nurul Hikmah', 'Karaengta', 'Apr (2026)', 24, 0, 0, 0, 0, 0),
  ('KUG124', 'Nurul Hikmah', 'Karaengta', 'Mei (2026)', 19, 0, 0, 0, 0, 0),
  ('KUG125', 'Andrian Alif Nugraha', 'Karaengta', 'Mar (2026)', 25, 0, 0, 0, 0, 1),
  ('KUG125', 'Andrian Alif Nugraha', 'Karaengta', 'Apr (2026)', 25, 0, 0, 0, 0, 1),
  ('KUG125', 'Andrian Alif Nugraha', 'Karaengta', 'Mei (2026)', 15, 0, 0, 0, 0, 1)
ON CONFLICT (employee_id, bulan) DO NOTHING;


-- ══════════════════════════════════════════════════════════
-- 2. PAYROLL FEBRUARI 2026 (tambah pilihan bulan)
-- ══════════════════════════════════════════════════════════
INSERT INTO payroll
  (employee_id, full_name, bulan, gaji_pokok, tunjangan_makan,
   tunjangan_transport, tunjangan_lain,
   potongan_bpjs_kes, potongan_bpjs_tk, potongan_alpha, potongan_telat,
   potongan_lain, status, catatan)
VALUES
  ('KUG001', 'Reski Amalia', 'Feb (2026)', 6700000, 300000, 300000, 0, 67000, 134000, 0, 50000, 0, 'final', 'Payroll Februari 2026'),
  ('KUG003', 'Nur Aisyah', 'Feb (2026)', 4200000, 300000, 150000, 0, 42000, 84000, 100000, 0, 0, 'final', 'Payroll Februari 2026'),
  ('KUG004', 'Nur Jumiarti', 'Feb (2026)', 4300000, 300000, 150000, 0, 43000, 86000, 0, 25000, 0, 'final', 'Payroll Februari 2026'),
  ('KUG006', 'Zainul Muttakin', 'Feb (2026)', 3500000, 300000, 150000, 0, 35000, 70000, 0, 25000, 0, 'final', 'Payroll Februari 2026'),
  ('KUG008', 'Nike Ratnadilla', 'Feb (2026)', 4000000, 200000, 150000, 0, 40000, 80000, 100000, 25000, 0, 'final', 'Payroll Februari 2026'),
  ('KUG009', 'Nadia Putri Meilani', 'Feb (2026)', 3200000, 200000, 150000, 0, 32000, 64000, 100000, 25000, 0, 'final', 'Payroll Februari 2026'),
  ('KUG010', 'Adhel Abdiani', 'Feb (2026)', 2800000, 200000, 150000, 0, 28000, 56000, 0, 50000, 0, 'final', 'Payroll Februari 2026'),
  ('KUG011', 'Rini Juliyanti Muhlis', 'Feb (2026)', 3900000, 200000, 150000, 0, 39000, 78000, 200000, 0, 0, 'final', 'Payroll Februari 2026'),
  ('KUG015', 'Asri', 'Feb (2026)', 2600000, 200000, 150000, 0, 26000, 52000, 100000, 25000, 0, 'final', 'Payroll Februari 2026'),
  ('KUG016', 'Amar Ma''''ruf', 'Feb (2026)', 2700000, 200000, 150000, 0, 27000, 54000, 0, 0, 0, 'final', 'Payroll Februari 2026'),
  ('KUG018', 'Nuraisyah', 'Feb (2026)', 2800000, 200000, 150000, 0, 28000, 56000, 0, 25000, 0, 'final', 'Payroll Februari 2026'),
  ('KUG019', 'Isnawati', 'Feb (2026)', 3500000, 200000, 150000, 0, 35000, 70000, 0, 25000, 0, 'final', 'Payroll Februari 2026'),
  ('KUG021', 'Hasriyanti', 'Feb (2026)', 3000000, 200000, 150000, 0, 30000, 60000, 0, 50000, 0, 'final', 'Payroll Februari 2026'),
  ('KUG022', 'M Dani', 'Feb (2026)', 2900000, 200000, 150000, 0, 29000, 58000, 0, 0, 0, 'final', 'Payroll Februari 2026'),
  ('KUG023', 'Besse Salwa Suci Mafaaza', 'Feb (2026)', 2600000, 200000, 150000, 0, 26000, 52000, 0, 0, 0, 'final', 'Payroll Februari 2026'),
  ('KUG025', 'Fitrika', 'Feb (2026)', 2500000, 200000, 150000, 0, 25000, 50000, 0, 25000, 0, 'final', 'Payroll Februari 2026'),
  ('KUG026', 'Fahmi Adriansyah', 'Feb (2026)', 2600000, 200000, 150000, 0, 26000, 52000, 100000, 0, 0, 'final', 'Payroll Februari 2026'),
  ('KUG027', 'Muh. Akbar', 'Feb (2026)', 2500000, 200000, 150000, 0, 25000, 50000, 0, 0, 0, 'final', 'Payroll Februari 2026'),
  ('KUG028', 'Rosamelia', 'Feb (2026)', 2500000, 200000, 150000, 0, 25000, 50000, 50000, 25000, 0, 'final', 'Payroll Februari 2026'),
  ('KUG030', 'Hatija', 'Feb (2026)', 2800000, 200000, 150000, 0, 28000, 56000, 0, 50000, 0, 'final', 'Payroll Februari 2026'),
  ('KUG031', 'Ramlia Ramadhani', 'Feb (2026)', 2600000, 200000, 150000, 0, 26000, 52000, 50000, 25000, 0, 'final', 'Payroll Februari 2026'),
  ('KUG032', 'Nur Santi', 'Feb (2026)', 3200000, 200000, 150000, 0, 32000, 64000, 100000, 25000, 0, 'final', 'Payroll Februari 2026'),
  ('KUG033', 'Nurlina', 'Feb (2026)', 3000000, 200000, 150000, 0, 30000, 60000, 0, 50000, 0, 'final', 'Payroll Februari 2026'),
  ('KUG036', 'Putri Dewi', 'Feb (2026)', 2600000, 200000, 150000, 0, 26000, 52000, 0, 0, 0, 'final', 'Payroll Februari 2026'),
  ('KUG038', 'Mutmainna', 'Feb (2026)', 2600000, 200000, 150000, 0, 26000, 52000, 50000, 0, 0, 'final', 'Payroll Februari 2026'),
  ('KUG041', 'Rusdi', 'Feb (2026)', 2900000, 200000, 150000, 0, 29000, 58000, 50000, 25000, 0, 'final', 'Payroll Februari 2026'),
  ('KUG042', 'Nur Sinta', 'Feb (2026)', 3100000, 200000, 150000, 0, 31000, 62000, 200000, 0, 0, 'final', 'Payroll Februari 2026'),
  ('KUG043', 'Rahman', 'Feb (2026)', 2600000, 200000, 150000, 0, 26000, 52000, 50000, 0, 0, 'final', 'Payroll Februari 2026'),
  ('KUG044', 'Haerana', 'Feb (2026)', 2600000, 200000, 150000, 0, 26000, 52000, 100000, 0, 0, 'final', 'Payroll Februari 2026'),
  ('KUG045', 'Hajratul Aswani', 'Feb (2026)', 2600000, 200000, 150000, 0, 26000, 52000, 50000, 0, 0, 'final', 'Payroll Februari 2026'),
  ('KUG046', 'Alwihdatul Ummah', 'Feb (2026)', 3000000, 200000, 150000, 0, 30000, 60000, 50000, 50000, 0, 'final', 'Payroll Februari 2026'),
  ('KUG047', 'Serli Melinda', 'Feb (2026)', 3000000, 200000, 150000, 0, 30000, 60000, 0, 50000, 0, 'final', 'Payroll Februari 2026'),
  ('KUG048', 'Andini', 'Feb (2026)', 2700000, 200000, 150000, 0, 27000, 54000, 0, 0, 0, 'final', 'Payroll Februari 2026'),
  ('KUG050', 'Aisyah', 'Feb (2026)', 2800000, 200000, 150000, 0, 28000, 56000, 0, 25000, 0, 'final', 'Payroll Februari 2026'),
  ('KUG051', 'Nirwana', 'Feb (2026)', 2200000, 200000, 150000, 0, 22000, 44000, 0, 0, 0, 'final', 'Payroll Februari 2026'),
  ('KUG052', 'Ningsih fajarwati M', 'Feb (2026)', 2700000, 200000, 150000, 0, 27000, 54000, 0, 0, 0, 'final', 'Payroll Februari 2026'),
  ('KUG053', 'Rahmadani', 'Feb (2026)', 2500000, 200000, 150000, 0, 25000, 50000, 100000, 50000, 0, 'final', 'Payroll Februari 2026'),
  ('KUG054', 'Utia Hardiyawati', 'Feb (2026)', 2700000, 200000, 150000, 0, 27000, 54000, 0, 50000, 0, 'final', 'Payroll Februari 2026'),
  ('KUG055', 'Salsa Septia Ramadani', 'Feb (2026)', 2800000, 200000, 150000, 0, 28000, 56000, 50000, 50000, 0, 'final', 'Payroll Februari 2026'),
  ('KUG057', 'Nurazisah. M', 'Feb (2026)', 2500000, 200000, 150000, 0, 25000, 50000, 100000, 50000, 0, 'final', 'Payroll Februari 2026'),
  ('KUG059', 'Al Mira Zulaika', 'Feb (2026)', 2400000, 200000, 150000, 0, 24000, 48000, 0, 0, 0, 'final', 'Payroll Februari 2026'),
  ('KUG060', 'Nurhalisah Arif', 'Feb (2026)', 2800000, 200000, 150000, 0, 28000, 56000, 0, 25000, 0, 'final', 'Payroll Februari 2026'),
  ('KUG061', 'Fajar Wati', 'Feb (2026)', 2500000, 200000, 150000, 0, 25000, 50000, 0, 25000, 0, 'final', 'Payroll Februari 2026'),
  ('KUG063', 'Muh. Fikran', 'Feb (2026)', 3100000, 200000, 150000, 0, 31000, 62000, 0, 25000, 0, 'final', 'Payroll Februari 2026'),
  ('KUG065', 'Ikram', 'Feb (2026)', 3200000, 200000, 150000, 0, 32000, 64000, 0, 0, 0, 'final', 'Payroll Februari 2026'),
  ('KUG066', 'Sitti Rahmawati', 'Feb (2026)', 3200000, 200000, 150000, 0, 32000, 64000, 0, 0, 0, 'final', 'Payroll Februari 2026'),
  ('KUG067', 'Winda Sari', 'Feb (2026)', 2900000, 200000, 150000, 0, 29000, 58000, 0, 0, 0, 'final', 'Payroll Februari 2026'),
  ('KUG068', 'Syaripuddin', 'Feb (2026)', 2900000, 200000, 150000, 0, 29000, 58000, 50000, 25000, 0, 'final', 'Payroll Februari 2026'),
  ('KUG070', 'Siti Fatma', 'Feb (2026)', 3800000, 200000, 150000, 0, 38000, 76000, 0, 0, 0, 'final', 'Payroll Februari 2026'),
  ('KUG071', 'Marini', 'Feb (2026)', 2300000, 200000, 150000, 0, 23000, 46000, 100000, 50000, 0, 'final', 'Payroll Februari 2026'),
  ('KUG072', 'Sri sutiani', 'Feb (2026)', 2500000, 200000, 150000, 0, 25000, 50000, 150000, 0, 0, 'final', 'Payroll Februari 2026'),
  ('KUG076', 'Andi Baso Mallarangeng', 'Feb (2026)', 2700000, 200000, 150000, 0, 27000, 54000, 0, 25000, 0, 'final', 'Payroll Februari 2026'),
  ('KUG077', 'Apni Eka Putri Aryanti Rezky', 'Feb (2026)', 2500000, 200000, 150000, 0, 25000, 50000, 0, 0, 0, 'final', 'Payroll Februari 2026'),
  ('KUG078', 'Asmaul Husna', 'Feb (2026)', 2400000, 200000, 150000, 0, 24000, 48000, 0, 50000, 0, 'final', 'Payroll Februari 2026'),
  ('KUG079', 'Annisa Hattab', 'Feb (2026)', 3300000, 200000, 150000, 0, 33000, 66000, 100000, 50000, 0, 'final', 'Payroll Februari 2026'),
  ('KUG081', 'Risna', 'Feb (2026)', 3000000, 200000, 150000, 0, 30000, 60000, 0, 75000, 0, 'final', 'Payroll Februari 2026'),
  ('KUG083', 'Rafli Aimansyah', 'Feb (2026)', 3000000, 200000, 150000, 0, 30000, 60000, 0, 50000, 0, 'final', 'Payroll Februari 2026'),
  ('KUG084', 'Muliana', 'Feb (2026)', 2700000, 200000, 150000, 0, 27000, 54000, 0, 25000, 0, 'final', 'Payroll Februari 2026'),
  ('KUG085', 'Rasmawati', 'Feb (2026)', 2400000, 200000, 150000, 0, 24000, 48000, 0, 0, 0, 'final', 'Payroll Februari 2026'),
  ('KUG089', 'Hariana Syarifuddin', 'Feb (2026)', 2300000, 200000, 150000, 0, 23000, 46000, 0, 0, 0, 'final', 'Payroll Februari 2026'),
  ('KUG090', 'Nur Husna', 'Feb (2026)', 2400000, 200000, 150000, 0, 24000, 48000, 0, 50000, 0, 'final', 'Payroll Februari 2026'),
  ('KUG095', 'Nur Atika Devi Putri', 'Feb (2026)', 2800000, 200000, 150000, 0, 28000, 56000, 100000, 0, 0, 'final', 'Payroll Februari 2026'),
  ('KUG098', 'Saiful Syam', 'Feb (2026)', 2800000, 200000, 150000, 0, 28000, 56000, 0, 50000, 0, 'final', 'Payroll Februari 2026'),
  ('KUG099', 'Wahidin', 'Feb (2026)', 2700000, 200000, 150000, 0, 27000, 54000, 100000, 50000, 0, 'final', 'Payroll Februari 2026'),
  ('KUG101', 'Yulianti Abram', 'Feb (2026)', 3200000, 200000, 150000, 0, 32000, 64000, 0, 25000, 0, 'final', 'Payroll Februari 2026'),
  ('KUG106', 'Amelia', 'Feb (2026)', 2400000, 200000, 150000, 0, 24000, 48000, 0, 0, 0, 'final', 'Payroll Februari 2026'),
  ('KUG107', 'Nadira', 'Feb (2026)', 2300000, 200000, 150000, 0, 23000, 46000, 0, 25000, 0, 'final', 'Payroll Februari 2026'),
  ('KUG108', 'Muhammad Arfan Ariff', 'Feb (2026)', 7200000, 300000, 300000, 0, 72000, 144000, 0, 0, 0, 'final', 'Payroll Februari 2026'),
  ('KUG109', 'Muhammad Fauzi Ramadhan', 'Feb (2026)', 5600000, 300000, 300000, 0, 56000, 112000, 0, 50000, 0, 'final', 'Payroll Februari 2026'),
  ('KUG111', 'Jihan Alfia', 'Feb (2026)', 2400000, 200000, 150000, 0, 24000, 48000, 100000, 0, 0, 'final', 'Payroll Februari 2026'),
  ('KUG112', 'Muh. Hidayat Alparesi', 'Feb (2026)', 3200000, 200000, 150000, 0, 32000, 64000, 0, 0, 0, 'final', 'Payroll Februari 2026'),
  ('KUG113', 'Muh. Tahir', 'Feb (2026)', 2900000, 200000, 150000, 0, 29000, 58000, 0, 50000, 0, 'final', 'Payroll Februari 2026'),
  ('KUG114', 'Sulthan said', 'Feb (2026)', 6900000, 300000, 300000, 0, 69000, 138000, 0, 0, 0, 'final', 'Payroll Februari 2026'),
  ('KUG115', 'Futri Auliya', 'Feb (2026)', 2200000, 200000, 150000, 0, 22000, 44000, 0, 25000, 0, 'final', 'Payroll Februari 2026'),
  ('KUG116', 'Alma Pradilla', 'Feb (2026)', 3100000, 200000, 150000, 0, 31000, 62000, 0, 25000, 0, 'final', 'Payroll Februari 2026'),
  ('KUG117', 'Nur Haerani', 'Feb (2026)', 2500000, 200000, 150000, 0, 25000, 50000, 0, 50000, 0, 'final', 'Payroll Februari 2026'),
  ('KUG118', 'Darmayanti Nasir', 'Feb (2026)', 2700000, 200000, 150000, 0, 27000, 54000, 100000, 0, 0, 'final', 'Payroll Februari 2026'),
  ('KUG119', 'Firman', 'Feb (2026)', 2300000, 200000, 150000, 0, 23000, 46000, 0, 50000, 0, 'final', 'Payroll Februari 2026'),
  ('KUG120', 'Amirullah', 'Feb (2026)', 4400000, 300000, 150000, 0, 44000, 88000, 0, 0, 0, 'final', 'Payroll Februari 2026'),
  ('KUG121', 'Raoda', 'Feb (2026)', 2600000, 200000, 150000, 0, 26000, 52000, 50000, 25000, 0, 'final', 'Payroll Februari 2026'),
  ('KUG122', 'Aulia Ananda', 'Feb (2026)', 2600000, 200000, 150000, 0, 26000, 52000, 50000, 50000, 0, 'final', 'Payroll Februari 2026'),
  ('KUG123', 'Rahmawati', 'Feb (2026)', 2800000, 200000, 150000, 0, 28000, 56000, 50000, 25000, 0, 'final', 'Payroll Februari 2026'),
  ('KUG124', 'Nurul Hikmah', 'Feb (2026)', 3200000, 200000, 150000, 0, 32000, 64000, 100000, 0, 0, 'final', 'Payroll Februari 2026'),
  ('KUG125', 'Andrian Alif Nugraha', 'Feb (2026)', 2900000, 200000, 150000, 0, 29000, 58000, 0, 25000, 0, 'final', 'Payroll Februari 2026')
ON CONFLICT (employee_id, bulan) DO NOTHING;


-- ══════════════════════════════════════════════════════════
-- 3. LEMBUR / OVERTIME (130 records — Mar, Apr, Mei 2026)
-- ══════════════════════════════════════════════════════════
INSERT INTO overtime
  (employee_id, full_name, tanggal, jam_mulai, jam_selesai,
   tarif_per_jam, jenis, keterangan, status, disetujui_oleh)
VALUES
  ('KUG078', 'Asmaul Husna', '2026-03-02', '08:00', '10:00', 14000, 'Hari Libur', 'Lembur laporan akhir bulan', 'Disetujui', 'Admin HR'),
  ('KUG011', 'Rini Juliyanti Muhlis', '2026-03-04', '17:00', '19:30', 23000, 'Biasa', 'Penyelesaian administrasi', 'Disetujui', 'Admin HR'),
  ('KUG019', 'Isnawati', '2026-03-05', '17:00', '20:00', 20000, 'Biasa', 'Persiapan audit internal', 'Disetujui', 'Admin HR'),
  ('KUG043', 'Rahman', '2026-03-09', '17:00', '20:30', 15000, 'Biasa', 'Rekap absensi bulanan', 'Disetujui', 'Admin HR'),
  ('KUG123', 'Rahmawati', '2026-03-10', '17:00', '19:00', 16000, 'Biasa', 'Penyusunan laporan kinerja', 'Disetujui', 'Admin HR'),
  ('KUG009', 'Nadia Putri Meilani', '2026-03-11', '17:00', '19:30', 18000, 'Biasa', 'Koordinasi proyek', 'Disetujui', 'Admin HR'),
  ('KUG063', 'Muh. Fikran', '2026-03-12', '17:00', '20:00', 18000, 'Biasa', 'Input data karyawan baru', 'Disetujui', 'Admin HR'),
  ('KUG122', 'Aulia Ananda', '2026-03-16', '17:00', '20:30', 15000, 'Biasa', 'Finalisasi laporan Q1', 'Disetujui', 'Admin HR'),
  ('KUG057', 'Nurazisah. M', '2026-03-17', '08:00', '10:00', 14000, 'Hari Libur', 'Persiapan meeting manajemen', 'Disetujui', 'Admin HR'),
  ('KUG026', 'Fahmi Adriansyah', '2026-03-18', '17:00', '19:30', 15000, 'Biasa', 'Rekonsiliasi data keuangan', 'Disetujui', 'Admin HR'),
  ('KUG119', 'Firman', '2026-03-19', '17:00', '20:00', 13000, 'Biasa', 'Penyelesaian stok opname', 'Disetujui', 'Admin HR'),
  ('KUG114', 'Sulthan said', '2026-03-23', '17:00', '20:30', 40000, 'Biasa', 'Penutupan buku Maret', 'Disetujui', 'Admin HR'),
  ('KUG022', 'M Dani', '2026-03-24', '17:00', '19:00', 17000, 'Biasa', 'Koordinasi vendor eksternal', 'Disetujui', 'Admin HR'),
  ('KUG028', 'Rosamelia', '2026-03-25', '17:00', '19:30', 14000, 'Biasa', 'Pengelolaan data absensi', 'Disetujui', 'Admin HR'),
  ('KUG006', 'Zainul Muttakin', '2026-03-26', '17:00', '20:00', 20000, 'Biasa', 'Arsip dokumen bulanan', 'Disetujui', 'Admin HR'),
  ('KUG036', 'Putri Dewi', '2026-03-27', '17:00', '20:30', 15000, 'Biasa', 'Lembur laporan akhir bulan', 'Disetujui', 'Admin HR'),
  ('KUG003', 'Nur Aisyah', '2026-03-30', '08:00', '10:00', 24000, 'Hari Libur', 'Penyelesaian administrasi', 'Disetujui', 'Admin HR'),
  ('KUG025', 'Fitrika', '2026-03-31', '17:00', '19:30', 14000, 'Biasa', 'Persiapan audit internal', 'Disetujui', 'Admin HR'),
  ('KUG125', 'Andrian Alif Nugraha', '2026-03-02', '17:00', '20:00', 17000, 'Biasa', 'Rekap absensi bulanan', 'Disetujui', 'Admin HR'),
  ('KUG083', 'Rafli Aimansyah', '2026-03-04', '17:00', '20:30', 17000, 'Biasa', 'Penyusunan laporan kinerja', 'Disetujui', 'Admin HR'),
  ('KUG027', 'Muh. Akbar', '2026-03-05', '17:00', '19:00', 14000, 'Biasa', 'Koordinasi proyek', 'Disetujui', 'Admin HR'),
  ('KUG072', 'Sri sutiani', '2026-03-09', '17:00', '19:30', 14000, 'Biasa', 'Input data karyawan baru', 'Disetujui', 'Admin HR'),
  ('KUG059', 'Al Mira Zulaika', '2026-03-10', '17:00', '20:00', 14000, 'Biasa', 'Finalisasi laporan Q1', 'Disetujui', 'Admin HR'),
  ('KUG067', 'Winda Sari', '2026-03-11', '17:00', '20:30', 17000, 'Biasa', 'Persiapan meeting manajemen', 'Disetujui', 'Admin HR'),
  ('KUG121', 'Raoda', '2026-03-12', '08:00', '10:00', 15000, 'Hari Libur', 'Rekonsiliasi data keuangan', 'Disetujui', 'Admin HR'),
  ('KUG021', 'Hasriyanti', '2026-03-16', '17:00', '19:30', 17000, 'Biasa', 'Penyelesaian stok opname', 'Disetujui', 'Admin HR'),
  ('KUG033', 'Nurlina', '2026-03-17', '17:00', '20:00', 17000, 'Biasa', 'Penutupan buku Maret', 'Disetujui', 'Admin HR'),
  ('KUG118', 'Darmayanti Nasir', '2026-03-18', '17:00', '20:30', 16000, 'Biasa', 'Koordinasi vendor eksternal', 'Disetujui', 'Admin HR'),
  ('KUG018', 'Nuraisyah', '2026-03-19', '17:00', '19:00', 16000, 'Biasa', 'Pengelolaan data absensi', 'Disetujui', 'Admin HR'),
  ('KUG115', 'Futri Auliya', '2026-03-23', '17:00', '19:30', 13000, 'Biasa', 'Arsip dokumen bulanan', 'Disetujui', 'Admin HR'),
  ('KUG041', 'Rusdi', '2026-03-24', '17:00', '20:00', 17000, 'Biasa', 'Lembur laporan akhir bulan', 'Disetujui', 'Admin HR'),
  ('KUG081', 'Risna', '2026-03-25', '17:00', '20:30', 17000, 'Biasa', 'Penyelesaian administrasi', 'Disetujui', 'Admin HR'),
  ('KUG008', 'Nike Ratnadilla', '2026-03-26', '08:00', '10:00', 23000, 'Hari Libur', 'Persiapan audit internal', 'Disetujui', 'Admin HR'),
  ('KUG052', 'Ningsih fajarwati M', '2026-03-27', '17:00', '19:30', 16000, 'Biasa', 'Rekap absensi bulanan', 'Disetujui', 'Admin HR'),
  ('KUG089', 'Hariana Syarifuddin', '2026-03-30', '17:00', '20:00', 13000, 'Biasa', 'Penyusunan laporan kinerja', 'Disetujui', 'Admin HR'),
  ('KUG120', 'Amirullah', '2026-03-31', '17:00', '20:30', 25000, 'Biasa', 'Koordinasi proyek', 'Disetujui', 'Admin HR'),
  ('KUG124', 'Nurul Hikmah', '2026-03-02', '17:00', '19:00', 18000, 'Biasa', 'Input data karyawan baru', 'Disetujui', 'Admin HR'),
  ('KUG045', 'Hajratul Aswani', '2026-03-04', '17:00', '19:30', 15000, 'Biasa', 'Finalisasi laporan Q1', 'Disetujui', 'Admin HR'),
  ('KUG050', 'Aisyah', '2026-03-05', '17:00', '20:00', 16000, 'Biasa', 'Persiapan meeting manajemen', 'Disetujui', 'Admin HR'),
  ('KUG090', 'Nur Husna', '2026-03-09', '17:00', '20:30', 14000, 'Biasa', 'Rekonsiliasi data keuangan', 'Disetujui', 'Admin HR'),
  ('KUG044', 'Haerana', '2026-03-10', '08:00', '10:00', 15000, 'Hari Libur', 'Penyelesaian stok opname', 'Disetujui', 'Admin HR'),
  ('KUG010', 'Adhel Abdiani', '2026-03-11', '17:00', '19:30', 16000, 'Biasa', 'Penutupan buku Maret', 'Disetujui', 'Admin HR'),
  ('KUG032', 'Nur Santi', '2026-03-12', '17:00', '20:00', 18000, 'Biasa', 'Koordinasi vendor eksternal', 'Disetujui', 'Admin HR'),
  ('KUG054', 'Utia Hardiyawati', '2026-03-16', '17:00', '20:30', 16000, 'Biasa', 'Pengelolaan data absensi', 'Disetujui', 'Admin HR'),
  ('KUG048', 'Andini', '2026-03-17', '17:00', '19:00', 16000, 'Biasa', 'Arsip dokumen bulanan', 'Disetujui', 'Admin HR'),
  ('KUG015', 'Asri', '2026-03-18', '17:00', '19:30', 15000, 'Biasa', 'Lembur laporan akhir bulan', 'Disetujui', 'Admin HR'),
  ('KUG108', 'Muhammad Arfan Ariff', '2026-03-19', '17:00', '20:00', 42000, 'Biasa', 'Penyelesaian administrasi', 'Disetujui', 'Admin HR'),
  ('KUG047', 'Serli Melinda', '2026-03-23', '17:00', '20:30', 17000, 'Biasa', 'Persiapan audit internal', 'Disetujui', 'Admin HR'),
  ('KUG016', 'Amar Ma''ruf', '2026-03-24', '08:00', '10:00', 16000, 'Hari Libur', 'Rekap absensi bulanan', 'Disetujui', 'Admin HR'),
  ('KUG107', 'Nadira', '2026-03-25', '17:00', '19:30', 13000, 'Biasa', 'Penyusunan laporan kinerja', 'Disetujui', 'Admin HR'),
  ('KUG053', 'Rahmadani', '2026-04-01', '08:00', '10:00', 14000, 'Hari Raya', 'Koordinasi Q2', 'Disetujui', 'Admin HR'),
  ('KUG028', 'Rosamelia', '2026-04-02', '08:00', '10:30', 14000, 'Hari Raya', 'Rekap absensi April', 'Disetujui', 'Admin HR'),
  ('KUG001', 'Reski Amalia', '2026-04-07', '08:00', '11:00', 39000, 'Hari Raya', 'Input data kontrak baru', 'Disetujui', 'Admin HR'),
  ('KUG027', 'Muh. Akbar', '2026-04-08', '08:00', '11:30', 14000, 'Hari Libur', 'Lembur piket lebaran', 'Disetujui', 'Admin HR'),
  ('KUG031', 'Ramlia Ramadhani', '2026-04-09', '08:00', '12:00', 15000, 'Hari Libur', 'Persiapan meeting bulanan', 'Disetujui', 'Admin HR'),
  ('KUG051', 'Nirwana', '2026-04-10', '08:00', '10:00', 13000, 'Hari Libur', 'Penyelesaian administrasi April', 'Disetujui', 'Admin HR'),
  ('KUG006', 'Zainul Muttakin', '2026-04-13', '17:00', '19:30', 20000, 'Biasa', 'Rekonsiliasi anggaran Q1', 'Disetujui', 'Admin HR'),
  ('KUG021', 'Hasriyanti', '2026-04-14', '17:00', '20:00', 17000, 'Biasa', 'Penyusunan jadwal kerja Mei', 'Disetujui', 'Admin HR'),
  ('KUG052', 'Ningsih fajarwati M', '2026-04-15', '17:00', '20:30', 16000, 'Biasa', 'Finalisasi laporan April', 'Disetujui', 'Admin HR'),
  ('KUG019', 'Isnawati', '2026-04-16', '17:00', '21:00', 20000, 'Biasa', 'Persiapan audit eksternal', 'Disetujui', 'Admin HR'),
  ('KUG065', 'Ikram', '2026-04-22', '17:00', '19:00', 18000, 'Biasa', 'Koordinasi proyek baru', 'Disetujui', 'Admin HR'),
  ('KUG025', 'Fitrika', '2026-04-23', '17:00', '19:30', 14000, 'Biasa', 'Pengelolaan dokumen SDM', 'Disetujui', 'Admin HR'),
  ('KUG113', 'Muh. Tahir', '2026-04-24', '17:00', '20:00', 17000, 'Biasa', 'Rekap data karyawan baru', 'Disetujui', 'Admin HR'),
  ('KUG107', 'Nadira', '2026-04-27', '17:00', '20:30', 13000, 'Biasa', 'Koordinasi Q2', 'Disetujui', 'Admin HR'),
  ('KUG061', 'Fajar Wati', '2026-04-28', '17:00', '21:00', 14000, 'Biasa', 'Rekap absensi April', 'Disetujui', 'Admin HR'),
  ('KUG124', 'Nurul Hikmah', '2026-04-01', '17:00', '19:00', 18000, 'Biasa', 'Input data kontrak baru', 'Disetujui', 'Admin HR'),
  ('KUG030', 'Hatija', '2026-04-02', '17:00', '19:30', 16000, 'Biasa', 'Lembur piket lebaran', 'Disetujui', 'Admin HR'),
  ('KUG114', 'Sulthan said', '2026-04-07', '17:00', '20:00', 40000, 'Biasa', 'Persiapan meeting bulanan', 'Disetujui', 'Admin HR'),
  ('KUG055', 'Salsa Septia Ramadani', '2026-04-08', '17:00', '20:30', 16000, 'Biasa', 'Penyelesaian administrasi April', 'Disetujui', 'Admin HR'),
  ('KUG026', 'Fahmi Adriansyah', '2026-04-09', '17:00', '21:00', 15000, 'Biasa', 'Rekonsiliasi anggaran Q1', 'Disetujui', 'Admin HR'),
  ('KUG120', 'Amirullah', '2026-04-10', '17:00', '19:00', 25000, 'Biasa', 'Penyusunan jadwal kerja Mei', 'Disetujui', 'Admin HR'),
  ('KUG048', 'Andini', '2026-04-13', '17:00', '19:30', 16000, 'Biasa', 'Finalisasi laporan April', 'Disetujui', 'Admin HR'),
  ('KUG011', 'Rini Juliyanti Muhlis', '2026-04-14', '17:00', '20:00', 23000, 'Biasa', 'Persiapan audit eksternal', 'Disetujui', 'Admin HR'),
  ('KUG095', 'Nur Atika Devi Putri', '2026-04-15', '17:00', '20:30', 16000, 'Biasa', 'Koordinasi proyek baru', 'Disetujui', 'Admin HR'),
  ('KUG109', 'Muhammad Fauzi Ramadhan', '2026-04-16', '17:00', '21:00', 32000, 'Biasa', 'Pengelolaan dokumen SDM', 'Disetujui', 'Admin HR'),
  ('KUG108', 'Muhammad Arfan Ariff', '2026-04-22', '17:00', '19:00', 42000, 'Biasa', 'Rekap data karyawan baru', 'Disetujui', 'Admin HR'),
  ('KUG057', 'Nurazisah. M', '2026-04-23', '17:00', '19:30', 14000, 'Biasa', 'Koordinasi Q2', 'Disetujui', 'Admin HR'),
  ('KUG090', 'Nur Husna', '2026-04-24', '17:00', '20:00', 14000, 'Biasa', 'Rekap absensi April', 'Disetujui', 'Admin HR'),
  ('KUG112', 'Muh. Hidayat Alparesi', '2026-04-27', '17:00', '20:30', 18000, 'Biasa', 'Input data kontrak baru', 'Disetujui', 'Admin HR'),
  ('KUG033', 'Nurlina', '2026-04-28', '17:00', '21:00', 17000, 'Biasa', 'Lembur piket lebaran', 'Disetujui', 'Admin HR'),
  ('KUG068', 'Syaripuddin', '2026-04-01', '17:00', '19:00', 17000, 'Biasa', 'Persiapan meeting bulanan', 'Pending', NULL),
  ('KUG008', 'Nike Ratnadilla', '2026-04-02', '17:00', '19:30', 23000, 'Biasa', 'Penyelesaian administrasi April', 'Pending', NULL),
  ('KUG076', 'Andi Baso Mallarangeng', '2026-04-07', '17:00', '20:00', 16000, 'Biasa', 'Rekonsiliasi anggaran Q1', 'Pending', NULL),
  ('KUG098', 'Saiful Syam', '2026-04-08', '17:00', '20:30', 16000, 'Biasa', 'Penyusunan jadwal kerja Mei', 'Pending', NULL),
  ('KUG050', 'Aisyah', '2026-04-09', '17:00', '21:00', 16000, 'Biasa', 'Finalisasi laporan April', 'Pending', NULL),
  ('KUG036', 'Putri Dewi', '2026-04-10', '17:00', '19:00', 15000, 'Biasa', 'Persiapan audit eksternal', 'Pending', NULL),
  ('KUG063', 'Muh. Fikran', '2026-04-13', '17:00', '19:30', 18000, 'Biasa', 'Koordinasi proyek baru', 'Pending', NULL),
  ('KUG060', 'Nurhalisah Arif', '2026-04-14', '17:00', '20:00', 16000, 'Biasa', 'Pengelolaan dokumen SDM', 'Pending', NULL),
  ('KUG121', 'Raoda', '2026-04-15', '17:00', '20:30', 15000, 'Biasa', 'Rekap data karyawan baru', 'Pending', NULL),
  ('KUG022', 'M Dani', '2026-04-16', '17:00', '21:00', 17000, 'Biasa', 'Koordinasi Q2', 'Pending', NULL),
  ('KUG116', 'Alma Pradilla', '2026-04-22', '17:00', '19:00', 18000, 'Biasa', 'Rekap absensi April', 'Pending', NULL),
  ('KUG066', 'Sitti Rahmawati', '2026-04-23', '17:00', '19:30', 18000, 'Biasa', 'Input data kontrak baru', 'Pending', NULL),
  ('KUG004', 'Nur Jumiarti', '2026-04-24', '17:00', '20:00', 25000, 'Biasa', 'Lembur piket lebaran', 'Pending', NULL),
  ('KUG118', 'Darmayanti Nasir', '2026-04-27', '17:00', '20:30', 16000, 'Biasa', 'Persiapan meeting bulanan', 'Pending', NULL),
  ('KUG079', 'Annisa Hattab', '2026-04-28', '17:00', '21:00', 19000, 'Biasa', 'Penyelesaian administrasi April', 'Pending', NULL),
  ('KUG090', 'Nur Husna', '2026-05-01', '17:00', '19:00', 14000, 'Biasa', 'Lembur awal Mei', 'Disetujui', 'Admin HR'),
  ('KUG098', 'Saiful Syam', '2026-05-02', '17:00', '19:30', 16000, 'Biasa', 'Persiapan laporan manajemen', 'Disetujui', 'Admin HR'),
  ('KUG063', 'Muh. Fikran', '2026-05-03', '17:00', '20:00', 18000, 'Biasa', 'Rekap data karyawan baru', 'Disetujui', 'Admin HR'),
  ('KUG004', 'Nur Jumiarti', '2026-05-05', '17:00', '20:30', 25000, 'Biasa', 'Penyusunan jadwal kerja', 'Disetujui', 'Admin HR'),
  ('KUG115', 'Futri Auliya', '2026-05-06', '17:00', '19:00', 13000, 'Biasa', 'Koordinasi vendor', 'Disetujui', 'Admin HR'),
  ('KUG038', 'Mutmainna', '2026-05-07', '17:00', '19:30', 15000, 'Biasa', 'Finalisasi anggaran bulanan', 'Disetujui', 'Admin HR'),
  ('KUG057', 'Nurazisah. M', '2026-05-08', '17:00', '20:00', 14000, 'Biasa', 'Lembur proyek digitalisasi', 'Disetujui', 'Admin HR'),
  ('KUG067', 'Winda Sari', '2026-05-12', '17:00', '20:30', 17000, 'Biasa', 'Input absensi bulanan', 'Disetujui', 'Admin HR'),
  ('KUG001', 'Reski Amalia', '2026-05-13', '17:00', '19:00', 39000, 'Biasa', 'Lembur awal Mei', 'Disetujui', 'Admin HR'),
  ('KUG121', 'Raoda', '2026-05-14', '17:00', '19:30', 15000, 'Biasa', 'Persiapan laporan manajemen', 'Disetujui', 'Admin HR'),
  ('KUG052', 'Ningsih fajarwati M', '2026-05-01', '17:00', '20:00', 16000, 'Biasa', 'Rekap data karyawan baru', 'Pending', NULL),
  ('KUG043', 'Rahman', '2026-05-02', '17:00', '20:30', 15000, 'Biasa', 'Penyusunan jadwal kerja', 'Pending', NULL),
  ('KUG065', 'Ikram', '2026-05-03', '17:00', '19:00', 18000, 'Biasa', 'Koordinasi vendor', 'Pending', NULL),
  ('KUG070', 'Siti Fatma', '2026-05-05', '17:00', '19:30', 22000, 'Biasa', 'Finalisasi anggaran bulanan', 'Pending', NULL),
  ('KUG114', 'Sulthan said', '2026-05-06', '17:00', '20:00', 40000, 'Biasa', 'Lembur proyek digitalisasi', 'Pending', NULL),
  ('KUG113', 'Muh. Tahir', '2026-05-07', '17:00', '20:30', 17000, 'Biasa', 'Input absensi bulanan', 'Pending', NULL),
  ('KUG116', 'Alma Pradilla', '2026-05-08', '17:00', '19:00', 18000, 'Biasa', 'Lembur awal Mei', 'Pending', NULL),
  ('KUG083', 'Rafli Aimansyah', '2026-05-12', '17:00', '19:30', 17000, 'Biasa', 'Persiapan laporan manajemen', 'Pending', NULL),
  ('KUG026', 'Fahmi Adriansyah', '2026-05-13', '17:00', '20:00', 15000, 'Biasa', 'Rekap data karyawan baru', 'Pending', NULL),
  ('KUG123', 'Rahmawati', '2026-05-14', '17:00', '20:30', 16000, 'Biasa', 'Penyusunan jadwal kerja', 'Pending', NULL),
  ('KUG124', 'Nurul Hikmah', '2026-05-01', '17:00', '19:00', 18000, 'Biasa', 'Koordinasi vendor', 'Pending', NULL),
  ('KUG112', 'Muh. Hidayat Alparesi', '2026-05-02', '17:00', '19:30', 18000, 'Biasa', 'Finalisasi anggaran bulanan', 'Pending', NULL),
  ('KUG022', 'M Dani', '2026-05-03', '17:00', '20:00', 17000, 'Biasa', 'Lembur proyek digitalisasi', 'Pending', NULL),
  ('KUG054', 'Utia Hardiyawati', '2026-05-05', '17:00', '20:30', 16000, 'Biasa', 'Input absensi bulanan', 'Pending', NULL),
  ('KUG072', 'Sri sutiani', '2026-05-06', '17:00', '19:00', 14000, 'Biasa', 'Lembur awal Mei', 'Pending', NULL),
  ('KUG027', 'Muh. Akbar', '2026-05-07', '17:00', '19:30', 14000, 'Biasa', 'Persiapan laporan manajemen', 'Pending', NULL),
  ('KUG107', 'Nadira', '2026-05-08', '17:00', '20:00', 13000, 'Biasa', 'Rekap data karyawan baru', 'Pending', NULL),
  ('KUG032', 'Nur Santi', '2026-05-12', '17:00', '20:30', 18000, 'Biasa', 'Penyusunan jadwal kerja', 'Pending', NULL),
  ('KUG085', 'Rasmawati', '2026-05-13', '17:00', '19:00', 14000, 'Biasa', 'Koordinasi vendor', 'Pending', NULL),
  ('KUG045', 'Hajratul Aswani', '2026-05-14', '17:00', '19:30', 15000, 'Biasa', 'Finalisasi anggaran bulanan', 'Pending', NULL),
  ('KUG008', 'Nike Ratnadilla', '2026-05-01', '17:00', '20:00', 23000, 'Biasa', 'Lembur proyek digitalisasi', 'Pending', NULL),
  ('KUG079', 'Annisa Hattab', '2026-05-02', '17:00', '20:30', 19000, 'Biasa', 'Input absensi bulanan', 'Pending', NULL),
  ('KUG031', 'Ramlia Ramadhani', '2026-05-03', '17:00', '19:00', 15000, 'Biasa', 'Lembur awal Mei', 'Pending', NULL),
  ('KUG010', 'Adhel Abdiani', '2026-05-05', '17:00', '19:30', 16000, 'Biasa', 'Persiapan laporan manajemen', 'Pending', NULL),
  ('KUG120', 'Amirullah', '2026-05-06', '17:00', '20:00', 25000, 'Biasa', 'Rekap data karyawan baru', 'Pending', NULL);


-- ══════════════════════════════════════════════════════════
-- 4. TRAINING & PENGEMBANGAN (84 records — semua karyawan)
-- ══════════════════════════════════════════════════════════
INSERT INTO training_program
  (employee_id, nama_karyawan, nama_training, jenis, penyelenggara,
   tgl_mulai, tgl_selesai, biaya, nilai_akhir, status, keterangan)
VALUES
  ('KUG045', 'Hajratul Aswani', 'Microsoft Excel Advanced', 'Online', 'Coursera', '2026-01-06', '2026-02-10', 450000, 92, 'Selesai', 'Pengembangan kompetensi karyawan'),
  ('KUG019', 'Isnawati', 'K3 Keselamatan Kerja', 'Eksternal', 'Disnaker Sulsel', '2026-01-13', '2026-01-14', 750000, 91, 'Selesai', 'Pengembangan kompetensi karyawan'),
  ('KUG042', 'Nur Sinta', 'Customer Service Excellence', 'Internal', 'Tim HR Karaengta', '2026-01-20', '2026-01-21', 0, 89, 'Selesai', 'Pengembangan kompetensi karyawan'),
  ('KUG026', 'Fahmi Adriansyah', 'Akuntansi Dasar dan Payroll', 'Online', 'Skill Academy', '2026-02-02', '2026-02-28', 350000, 85, 'Selesai', 'Pengembangan kompetensi karyawan'),
  ('KUG038', 'Mutmainna', 'Leadership dan Manajemen Tim', 'Eksternal', 'Prasetiya Mulya Executive', '2026-02-09', '2026-02-11', 5000000, 86, 'Selesai', 'Pengembangan kompetensi karyawan'),
  ('KUG016', 'Amar Ma''ruf', 'Teknik Presentasi Public Speaking', 'Internal', 'Tim HR Karaengta', '2026-02-16', '2026-02-16', 0, 83, 'Selesai', 'Pengembangan kompetensi karyawan'),
  ('KUG030', 'Hatija', 'Digital Marketing Dasar', 'Online', 'Google Digital Garage', '2026-02-23', '2026-03-08', 0, 97, 'Selesai', 'Pengembangan kompetensi karyawan'),
  ('KUG107', 'Nadira', 'Pengelolaan Arsip Digital', 'Internal', 'Tim IT Internal', '2026-03-02', '2026-03-03', 0, 82, 'Selesai', 'Pengembangan kompetensi karyawan'),
  ('KUG071', 'Marini', 'Rekonsiliasi Keuangan Lanjutan', 'Eksternal', 'IAI Sulawesi', '2026-03-09', '2026-03-10', 1200000, 83, 'Selesai', 'Pengembangan kompetensi karyawan'),
  ('KUG085', 'Rasmawati', 'Sertifikasi BNSP Bidang SDM', 'Sertifikasi', 'LSP SDM Indonesia', '2026-03-16', '2026-03-17', 2500000, 86, 'Selesai', 'Pengembangan kompetensi karyawan'),
  ('KUG011', 'Rini Juliyanti Muhlis', 'ISO 9001 Awareness', 'Eksternal', 'BSI Group Indonesia', '2026-03-23', '2026-03-24', 2000000, 84, 'Selesai', 'Pengembangan kompetensi karyawan'),
  ('KUG052', 'Ningsih fajarwati M', 'Manajemen Waktu dan Produktivitas', 'Online', 'Udemy', '2026-01-06', '2026-01-31', 250000, 91, 'Selesai', 'Pengembangan kompetensi karyawan'),
  ('KUG123', 'Rahmawati', 'Supply Chain Management', 'Online', 'Coursera', '2026-04-01', '2026-05-31', 600000, NULL, 'Berlangsung', 'Pengembangan kompetensi karyawan'),
  ('KUG077', 'Apni Eka Putri Aryanti Rezky', 'Coaching dan Mentoring Karyawan', 'Internal', 'Tim HR Karaengta', '2026-05-05', '2026-05-07', 0, NULL, 'Berlangsung', 'Pengembangan kompetensi karyawan'),
  ('KUG033', 'Nurlina', 'Manajemen Kearsipan Modern', 'Eksternal', 'ANRI Jakarta', '2026-05-06', '2026-05-08', 3500000, NULL, 'Berlangsung', 'Pengembangan kompetensi karyawan'),
  ('KUG078', 'Asmaul Husna', 'Microsoft Power BI', 'Online', 'Udemy', '2026-04-14', '2026-06-13', 350000, NULL, 'Berlangsung', 'Pengembangan kompetensi karyawan'),
  ('KUG010', 'Adhel Abdiani', 'Pelatihan ERP SAP Dasar', 'Eksternal', 'SAP Authorized Partner', '2026-05-19', '2026-05-23', 8500000, NULL, 'Direncanakan', 'Pengembangan kompetensi karyawan'),
  ('KUG076', 'Andi Baso Mallarangeng', 'Teknik Fabrikasi Lanjutan', 'Eksternal', 'Balai Latihan Kerja Makassar', '2026-06-02', '2026-06-06', 1500000, NULL, 'Direncanakan', 'Pengembangan kompetensi karyawan'),
  ('KUG027', 'Muh. Akbar', 'Workshop Design Thinking', 'Eksternal', 'Inovasi Hub Sulsel', '2026-06-09', '2026-06-10', 1800000, NULL, 'Direncanakan', 'Pengembangan kompetensi karyawan'),
  ('KUG079', 'Annisa Hattab', 'Pertolongan Pertama P3K', 'Eksternal', 'PMI Kota Makassar', '2026-06-16', '2026-06-16', 300000, NULL, 'Direncanakan', 'Pengembangan kompetensi karyawan'),
  ('KUG041', 'Rusdi', 'Bahasa Inggris Bisnis', 'Online', 'EF Online', '2026-06-22', '2026-08-31', 1200000, NULL, 'Direncanakan', 'Pengembangan kompetensi karyawan'),
  ('KUG055', 'Salsa Septia Ramadani', 'Manajemen Proyek', 'Online', 'PMI e-Learning', '2026-07-06', '2026-08-30', 2000000, NULL, 'Direncanakan', 'Pengembangan kompetensi karyawan'),
  ('KUG023', 'Besse Salwa Suci Mafaaza', 'Microsoft Excel Advanced', 'Online', 'Coursera', '2026-01-06', '2026-02-10', 450000, 95, 'Selesai', 'Pengembangan kompetensi karyawan'),
  ('KUG061', 'Fajar Wati', 'K3 Keselamatan Kerja', 'Eksternal', 'Disnaker Sulsel', '2026-01-13', '2026-01-14', 750000, 89, 'Selesai', 'Pengembangan kompetensi karyawan'),
  ('KUG004', 'Nur Jumiarti', 'Customer Service Excellence', 'Internal', 'Tim HR Karaengta', '2026-01-20', '2026-01-21', 0, 90, 'Selesai', 'Pengembangan kompetensi karyawan'),
  ('KUG119', 'Firman', 'Akuntansi Dasar dan Payroll', 'Online', 'Skill Academy', '2026-02-02', '2026-02-28', 350000, 95, 'Selesai', 'Pengembangan kompetensi karyawan'),
  ('KUG095', 'Nur Atika Devi Putri', 'Leadership dan Manajemen Tim', 'Eksternal', 'Prasetiya Mulya Executive', '2026-02-09', '2026-02-11', 5000000, 90, 'Selesai', 'Pengembangan kompetensi karyawan'),
  ('KUG054', 'Utia Hardiyawati', 'Teknik Presentasi Public Speaking', 'Internal', 'Tim HR Karaengta', '2026-02-16', '2026-02-16', 0, 84, 'Selesai', 'Pengembangan kompetensi karyawan'),
  ('KUG125', 'Andrian Alif Nugraha', 'Digital Marketing Dasar', 'Online', 'Google Digital Garage', '2026-02-23', '2026-03-08', 0, 97, 'Selesai', 'Pengembangan kompetensi karyawan'),
  ('KUG031', 'Ramlia Ramadhani', 'Pengelolaan Arsip Digital', 'Internal', 'Tim IT Internal', '2026-03-02', '2026-03-03', 0, 88, 'Selesai', 'Pengembangan kompetensi karyawan'),
  ('KUG036', 'Putri Dewi', 'Rekonsiliasi Keuangan Lanjutan', 'Eksternal', 'IAI Sulawesi', '2026-03-09', '2026-03-10', 1200000, 86, 'Selesai', 'Pengembangan kompetensi karyawan'),
  ('KUG109', 'Muhammad Fauzi Ramadhan', 'Sertifikasi BNSP Bidang SDM', 'Sertifikasi', 'LSP SDM Indonesia', '2026-03-16', '2026-03-17', 2500000, 91, 'Selesai', 'Pengembangan kompetensi karyawan'),
  ('KUG059', 'Al Mira Zulaika', 'ISO 9001 Awareness', 'Eksternal', 'BSI Group Indonesia', '2026-03-23', '2026-03-24', 2000000, 88, 'Selesai', 'Pengembangan kompetensi karyawan'),
  ('KUG124', 'Nurul Hikmah', 'Manajemen Waktu dan Produktivitas', 'Online', 'Udemy', '2026-01-06', '2026-01-31', 250000, 91, 'Selesai', 'Pengembangan kompetensi karyawan'),
  ('KUG018', 'Nuraisyah', 'Supply Chain Management', 'Online', 'Coursera', '2026-04-01', '2026-05-31', 600000, NULL, 'Berlangsung', 'Pengembangan kompetensi karyawan'),
  ('KUG022', 'M Dani', 'Coaching dan Mentoring Karyawan', 'Internal', 'Tim HR Karaengta', '2026-05-05', '2026-05-07', 0, NULL, 'Berlangsung', 'Pengembangan kompetensi karyawan'),
  ('KUG108', 'Muhammad Arfan Ariff', 'Manajemen Kearsipan Modern', 'Eksternal', 'ANRI Jakarta', '2026-05-06', '2026-05-08', 3500000, NULL, 'Berlangsung', 'Pengembangan kompetensi karyawan'),
  ('KUG122', 'Aulia Ananda', 'Microsoft Power BI', 'Online', 'Udemy', '2026-04-14', '2026-06-13', 350000, NULL, 'Berlangsung', 'Pengembangan kompetensi karyawan'),
  ('KUG098', 'Saiful Syam', 'Pelatihan ERP SAP Dasar', 'Eksternal', 'SAP Authorized Partner', '2026-05-19', '2026-05-23', 8500000, NULL, 'Direncanakan', 'Pengembangan kompetensi karyawan'),
  ('KUG084', 'Muliana', 'Teknik Fabrikasi Lanjutan', 'Eksternal', 'Balai Latihan Kerja Makassar', '2026-06-02', '2026-06-06', 1500000, NULL, 'Direncanakan', 'Pengembangan kompetensi karyawan'),
  ('KUG118', 'Darmayanti Nasir', 'Workshop Design Thinking', 'Eksternal', 'Inovasi Hub Sulsel', '2026-06-09', '2026-06-10', 1800000, NULL, 'Direncanakan', 'Pengembangan kompetensi karyawan'),
  ('KUG116', 'Alma Pradilla', 'Pertolongan Pertama P3K', 'Eksternal', 'PMI Kota Makassar', '2026-06-16', '2026-06-16', 300000, NULL, 'Direncanakan', 'Pengembangan kompetensi karyawan'),
  ('KUG120', 'Amirullah', 'Bahasa Inggris Bisnis', 'Online', 'EF Online', '2026-06-22', '2026-08-31', 1200000, NULL, 'Direncanakan', 'Pengembangan kompetensi karyawan'),
  ('KUG101', 'Yulianti Abram', 'Manajemen Proyek', 'Online', 'PMI e-Learning', '2026-07-06', '2026-08-30', 2000000, NULL, 'Direncanakan', 'Pengembangan kompetensi karyawan'),
  ('KUG015', 'Asri', 'Microsoft Excel Advanced', 'Online', 'Coursera', '2026-01-06', '2026-02-10', 450000, 91, 'Selesai', 'Pengembangan kompetensi karyawan'),
  ('KUG083', 'Rafli Aimansyah', 'K3 Keselamatan Kerja', 'Eksternal', 'Disnaker Sulsel', '2026-01-13', '2026-01-14', 750000, 81, 'Selesai', 'Pengembangan kompetensi karyawan'),
  ('KUG090', 'Nur Husna', 'Customer Service Excellence', 'Internal', 'Tim HR Karaengta', '2026-01-20', '2026-01-21', 0, 83, 'Selesai', 'Pengembangan kompetensi karyawan'),
  ('KUG006', 'Zainul Muttakin', 'Akuntansi Dasar dan Payroll', 'Online', 'Skill Academy', '2026-02-02', '2026-02-28', 350000, 94, 'Selesai', 'Pengembangan kompetensi karyawan'),
  ('KUG121', 'Raoda', 'Leadership dan Manajemen Tim', 'Eksternal', 'Prasetiya Mulya Executive', '2026-02-09', '2026-02-11', 5000000, 93, 'Selesai', 'Pengembangan kompetensi karyawan'),
  ('KUG112', 'Muh. Hidayat Alparesi', 'Teknik Presentasi Public Speaking', 'Internal', 'Tim HR Karaengta', '2026-02-16', '2026-02-16', 0, 89, 'Selesai', 'Pengembangan kompetensi karyawan'),
  ('KUG114', 'Sulthan said', 'Digital Marketing Dasar', 'Online', 'Google Digital Garage', '2026-02-23', '2026-03-08', 0, 91, 'Selesai', 'Pengembangan kompetensi karyawan'),
  ('KUG046', 'Alwihdatul Ummah', 'Pengelolaan Arsip Digital', 'Internal', 'Tim IT Internal', '2026-03-02', '2026-03-03', 0, 86, 'Selesai', 'Pengembangan kompetensi karyawan'),
  ('KUG003', 'Nur Aisyah', 'Rekonsiliasi Keuangan Lanjutan', 'Eksternal', 'IAI Sulawesi', '2026-03-09', '2026-03-10', 1200000, 89, 'Selesai', 'Pengembangan kompetensi karyawan'),
  ('KUG009', 'Nadia Putri Meilani', 'Sertifikasi BNSP Bidang SDM', 'Sertifikasi', 'LSP SDM Indonesia', '2026-03-16', '2026-03-17', 2500000, 87, 'Selesai', 'Pengembangan kompetensi karyawan'),
  ('KUG048', 'Andini', 'ISO 9001 Awareness', 'Eksternal', 'BSI Group Indonesia', '2026-03-23', '2026-03-24', 2000000, 86, 'Selesai', 'Pengembangan kompetensi karyawan'),
  ('KUG053', 'Rahmadani', 'Manajemen Waktu dan Produktivitas', 'Online', 'Udemy', '2026-01-06', '2026-01-31', 250000, 87, 'Selesai', 'Pengembangan kompetensi karyawan'),
  ('KUG089', 'Hariana Syarifuddin', 'Supply Chain Management', 'Online', 'Coursera', '2026-04-01', '2026-05-31', 600000, NULL, 'Berlangsung', 'Pengembangan kompetensi karyawan'),
  ('KUG115', 'Futri Auliya', 'Coaching dan Mentoring Karyawan', 'Internal', 'Tim HR Karaengta', '2026-05-05', '2026-05-07', 0, NULL, 'Berlangsung', 'Pengembangan kompetensi karyawan'),
  ('KUG070', 'Siti Fatma', 'Manajemen Kearsipan Modern', 'Eksternal', 'ANRI Jakarta', '2026-05-06', '2026-05-08', 3500000, NULL, 'Berlangsung', 'Pengembangan kompetensi karyawan'),
  ('KUG068', 'Syaripuddin', 'Microsoft Power BI', 'Online', 'Udemy', '2026-04-14', '2026-06-13', 350000, NULL, 'Berlangsung', 'Pengembangan kompetensi karyawan'),
  ('KUG050', 'Aisyah', 'Pelatihan ERP SAP Dasar', 'Eksternal', 'SAP Authorized Partner', '2026-05-19', '2026-05-23', 8500000, NULL, 'Direncanakan', 'Pengembangan kompetensi karyawan'),
  ('KUG001', 'Reski Amalia', 'Teknik Fabrikasi Lanjutan', 'Eksternal', 'Balai Latihan Kerja Makassar', '2026-06-02', '2026-06-06', 1500000, NULL, 'Direncanakan', 'Pengembangan kompetensi karyawan'),
  ('KUG117', 'Nur Haerani', 'Workshop Design Thinking', 'Eksternal', 'Inovasi Hub Sulsel', '2026-06-09', '2026-06-10', 1800000, NULL, 'Direncanakan', 'Pengembangan kompetensi karyawan'),
  ('KUG111', 'Jihan Alfia', 'Pertolongan Pertama P3K', 'Eksternal', 'PMI Kota Makassar', '2026-06-16', '2026-06-16', 300000, NULL, 'Direncanakan', 'Pengembangan kompetensi karyawan'),
  ('KUG057', 'Nurazisah. M', 'Bahasa Inggris Bisnis', 'Online', 'EF Online', '2026-06-22', '2026-08-31', 1200000, NULL, 'Direncanakan', 'Pengembangan kompetensi karyawan'),
  ('KUG063', 'Muh. Fikran', 'Manajemen Proyek', 'Online', 'PMI e-Learning', '2026-07-06', '2026-08-30', 2000000, NULL, 'Direncanakan', 'Pengembangan kompetensi karyawan'),
  ('KUG060', 'Nurhalisah Arif', 'Microsoft Excel Advanced', 'Online', 'Coursera', '2026-01-06', '2026-02-10', 450000, 92, 'Selesai', 'Pengembangan kompetensi karyawan'),
  ('KUG043', 'Rahman', 'K3 Keselamatan Kerja', 'Eksternal', 'Disnaker Sulsel', '2026-01-13', '2026-01-14', 750000, 86, 'Selesai', 'Pengembangan kompetensi karyawan'),
  ('KUG081', 'Risna', 'Customer Service Excellence', 'Internal', 'Tim HR Karaengta', '2026-01-20', '2026-01-21', 0, 88, 'Selesai', 'Pengembangan kompetensi karyawan'),
  ('KUG113', 'Muh. Tahir', 'Akuntansi Dasar dan Payroll', 'Online', 'Skill Academy', '2026-02-02', '2026-02-28', 350000, 95, 'Selesai', 'Pengembangan kompetensi karyawan'),
  ('KUG072', 'Sri sutiani', 'Leadership dan Manajemen Tim', 'Eksternal', 'Prasetiya Mulya Executive', '2026-02-09', '2026-02-11', 5000000, 86, 'Selesai', 'Pengembangan kompetensi karyawan'),
  ('KUG028', 'Rosamelia', 'Teknik Presentasi Public Speaking', 'Internal', 'Tim HR Karaengta', '2026-02-16', '2026-02-16', 0, 83, 'Selesai', 'Pengembangan kompetensi karyawan'),
  ('KUG051', 'Nirwana', 'Digital Marketing Dasar', 'Online', 'Google Digital Garage', '2026-02-23', '2026-03-08', 0, 94, 'Selesai', 'Pengembangan kompetensi karyawan'),
  ('KUG067', 'Winda Sari', 'Pengelolaan Arsip Digital', 'Internal', 'Tim IT Internal', '2026-03-02', '2026-03-03', 0, 85, 'Selesai', 'Pengembangan kompetensi karyawan'),
  ('KUG021', 'Hasriyanti', 'Rekonsiliasi Keuangan Lanjutan', 'Eksternal', 'IAI Sulawesi', '2026-03-09', '2026-03-10', 1200000, 92, 'Selesai', 'Pengembangan kompetensi karyawan'),
  ('KUG044', 'Haerana', 'Sertifikasi BNSP Bidang SDM', 'Sertifikasi', 'LSP SDM Indonesia', '2026-03-16', '2026-03-17', 2500000, 88, 'Selesai', 'Pengembangan kompetensi karyawan'),
  ('KUG025', 'Fitrika', 'ISO 9001 Awareness', 'Eksternal', 'BSI Group Indonesia', '2026-03-23', '2026-03-24', 2000000, 85, 'Selesai', 'Pengembangan kompetensi karyawan'),
  ('KUG065', 'Ikram', 'Manajemen Waktu dan Produktivitas', 'Online', 'Udemy', '2026-01-06', '2026-01-31', 250000, 84, 'Selesai', 'Pengembangan kompetensi karyawan'),
  ('KUG106', 'Amelia', 'Supply Chain Management', 'Online', 'Coursera', '2026-04-01', '2026-05-31', 600000, NULL, 'Berlangsung', 'Pengembangan kompetensi karyawan'),
  ('KUG008', 'Nike Ratnadilla', 'Coaching dan Mentoring Karyawan', 'Internal', 'Tim HR Karaengta', '2026-05-05', '2026-05-07', 0, NULL, 'Berlangsung', 'Pengembangan kompetensi karyawan'),
  ('KUG066', 'Sitti Rahmawati', 'Manajemen Kearsipan Modern', 'Eksternal', 'ANRI Jakarta', '2026-05-06', '2026-05-08', 3500000, NULL, 'Berlangsung', 'Pengembangan kompetensi karyawan'),
  ('KUG099', 'Wahidin', 'Microsoft Power BI', 'Online', 'Udemy', '2026-04-14', '2026-06-13', 350000, NULL, 'Berlangsung', 'Pengembangan kompetensi karyawan'),
  ('KUG032', 'Nur Santi', 'Pelatihan ERP SAP Dasar', 'Eksternal', 'SAP Authorized Partner', '2026-05-19', '2026-05-23', 8500000, NULL, 'Direncanakan', 'Pengembangan kompetensi karyawan'),
  ('KUG047', 'Serli Melinda', 'Teknik Fabrikasi Lanjutan', 'Eksternal', 'Balai Latihan Kerja Makassar', '2026-06-02', '2026-06-06', 1500000, NULL, 'Direncanakan', 'Pengembangan kompetensi karyawan');


-- ══════════════════════════════════════════════════════════
-- 5. OFFBOARDING (5 records)
-- ══════════════════════════════════════════════════════════
INSERT INTO offboarding
  (employee_id, nama, tgl_resign, tgl_terakhir,
   serah_laptop, serah_id_card, serah_seragam, serah_kunci,
   cabut_akses_sistem, cabut_akses_email,
   exit_interview, urus_bpjs, urus_surat_referensi,
   catatan, status)
VALUES
  ('KUG015', 'Asri', '2026-03-01', '2026-03-31',
   TRUE, TRUE, TRUE, TRUE, TRUE, TRUE, TRUE, TRUE, TRUE,
   'Mengundurkan diri untuk ikut suami pindah kota. Proses offboarding berjalan lancar.',
   'Selesai'),
  ('KUG028', 'Rosamelia', '2026-04-01', '2026-04-30',
   TRUE, TRUE, TRUE, FALSE, TRUE, TRUE, TRUE, TRUE, FALSE,
   'Resign untuk melanjutkan pendidikan S2. Serah kunci dan surat referensi masih proses.',
   'Selesai'),
  ('KUG031', 'Ramlia Ramadhani', '2026-04-15', '2026-05-15',
   TRUE, TRUE, TRUE, TRUE, TRUE, FALSE, TRUE, FALSE, FALSE,
   'Resign karena mendapat tawaran kerja di luar kota. Proses cabut akses email dan BPJS sedang berjalan.',
   'Proses'),
  ('KUG072', 'Sri sutiani', '2026-05-01', '2026-05-31',
   FALSE, TRUE, TRUE, FALSE, FALSE, FALSE, FALSE, FALSE, FALSE,
   'Mengundurkan diri karena alasan pribadi. Baru memulai proses offboarding.',
   'Proses'),
  ('KUG119', 'Firman', '2026-05-05', '2026-06-05',
   FALSE, FALSE, FALSE, FALSE, FALSE, FALSE, FALSE, FALSE, FALSE,
   'Kontrak tidak diperpanjang. Proses offboarding baru dimulai.',
   'Proses')
ON CONFLICT (employee_id) DO NOTHING;
